"InventoryID","BorrowingLanguageGlottocode","BorrowedSound","SourceLanguageGlottocode","OnlyInLoanwords","Result","NewDistinction","PhonemeComments","Verified","Glottocode","LanguageName","BibTexKey","Filename","Contributor","MetadataComments","PhoibleID","ClosestNeighbor"
17,"awiy1238","t","unknown","unknown","to be checked","to be checked","(free,loan) spaAllophoneDescription: [s]","NA","awiy1238","Awiyaana","Bees1965","auy_SPA1979_phon.pdf","Steven Moran","NA",57,"NA"
21,"basq1248","χ","unknown","yes","to be checked","to be checked","(loan)","NA","basq1248","Basque","Ndiaye1970,Gavel1929","eus_SPA1979_phon.pdf","Steven Moran","NA",179,"NA"
24,"beng1280","s","unknown","unknown","to be checked","to be checked","(allo,restricted,loan)","NA","beng1280","Bengali","FergusonChowdhury1960","ben_SPA1979_phon.pdf","Steven Moran","NA",177,"NA"
30,"bret1244","ɛ̃ː","unknown","yes","to be checked","to be checked","(loan)","NA","bret1244","Breton","Ternes1970","bre_SPA1979_phon.pdf","Steven Moran","NA",157,"NA"
31,"bulg1262","dz","unknown","unknown","to be checked","to be checked","(limited,loan,allo)","NA","bulg1262","Bulgarian","Aronson1968,Klagstad1958","bul_SPA1979_phon.pdf","Steven Moran","NA",167,"NA"
33,"buru1296","f","unknown","unknown","to be checked","to be checked","(loan,free)","NA","buru1296","Burushaski","Morgenstierne1945","bsk_SPA1979_phon.pdf","Steven Moran","NA",6,"NA"
33,"buru1296","χ","unknown","unknown","to be checked","to be checked","(loan,free)","NA","buru1296","Burushaski","Morgenstierne1945","bsk_SPA1979_phon.pdf","Steven Moran","NA",6,"NA"
37,"cent2050","x","unknown","yes","to be checked","to be checked","(loan)","NA","cent2050","Central Kanuri","Lukas1937","knc_SPA1979_phon.pdf","Steven Moran","NA",150,"NA"
43,"chiq1250","p","unknown","yes","to be checked","to be checked","(loan)","NA","chiq1250","Chiquihuitlán Mazatec","PikePike1947","maq_SPA1979_phon.pdf","Steven Moran","NA",99,"NA"
43,"chiq1250","b","unknown","yes","to be checked","to be checked","(loan)","NA","chiq1250","Chiquihuitlán Mazatec","PikePike1947","maq_SPA1979_phon.pdf","Steven Moran","NA",99,"NA"
43,"chiq1250","ð","unknown","yes","to be checked","to be checked","(loan)","NA","chiq1250","Chiquihuitlán Mazatec","PikePike1947","maq_SPA1979_phon.pdf","Steven Moran","NA",99,"NA"
43,"chiq1250","ɣ","unknown","yes","to be checked","to be checked","(loan)","NA","chiq1250","Chiquihuitlán Mazatec","PikePike1947","maq_SPA1979_phon.pdf","Steven Moran","NA",99,"NA"
43,"chiq1250","r","unknown","yes","to be checked","to be checked","(loan)","NA","chiq1250","Chiquihuitlán Mazatec","PikePike1947","maq_SPA1979_phon.pdf","Steven Moran","NA",99,"NA"
50,"copa1236","b","unknown","unknown","to be checked","to be checked","(allo,loan)","NA","copa1236","Copainalá Zoque","Wonderly1951","zoc_SPA1979_phon.pdf","Steven Moran","NA",83,"NA"
50,"copa1236","d","unknown","unknown","to be checked","to be checked","(allo,loan)","NA","copa1236","Copainalá Zoque","Wonderly1951","zoc_SPA1979_phon.pdf","Steven Moran","NA",83,"NA"
50,"copa1236","ɡ","unknown","unknown","to be checked","to be checked","(allo,loan)","NA","copa1236","Copainalá Zoque","Wonderly1951","zoc_SPA1979_phon.pdf","Steven Moran","NA",83,"NA"
50,"copa1236","f","unknown","yes","to be checked","to be checked","(loan)","NA","copa1236","Copainalá Zoque","Wonderly1951","zoc_SPA1979_phon.pdf","Steven Moran","NA",83,"NA"
50,"copa1236","ɾ","unknown","yes","to be checked","to be checked","(loan)","NA","copa1236","Copainalá Zoque","Wonderly1951","zoc_SPA1979_phon.pdf","Steven Moran","NA",83,"NA"
50,"copa1236","r","unknown","yes","to be checked","to be checked","(loan)","NA","copa1236","Copainalá Zoque","Wonderly1951","zoc_SPA1979_phon.pdf","Steven Moran","NA",83,"NA"
61,"nucl1235","f","unknown","yes","to be checked","to be checked","(loan)","NA","nucl1235","Eastern Armenian","Allen1950","hye_SPA1979_phon.pdf","Steven Moran","NA",171,"NA"
63,"east2328","pʲ","unknown","yes","to be checked","to be checked","(loan)","NA","east2328","Eastern Mari","Ristinen1960","mhr_SPA1979_phon.pdf","Steven Moran","NA",181,"NA"
63,"east2328","tʲ","unknown","yes","to be checked","to be checked","(loan)","NA","east2328","Eastern Mari","Ristinen1960","mhr_SPA1979_phon.pdf","Steven Moran","NA",181,"NA"
63,"east2328","ts","unknown","yes","to be checked","to be checked","(loan)","NA","east2328","Eastern Mari","Ristinen1960","mhr_SPA1979_phon.pdf","Steven Moran","NA",181,"NA"
63,"east2328","f","unknown","yes","to be checked","to be checked","(loan)","NA","east2328","Eastern Mari","Ristinen1960","mhr_SPA1979_phon.pdf","Steven Moran","NA",181,"NA"
63,"east2328","sʲ","unknown","yes","to be checked","to be checked","(loan)","NA","east2328","Eastern Mari","Ristinen1960","mhr_SPA1979_phon.pdf","Steven Moran","NA",181,"NA"
63,"east2328","x","unknown","yes","to be checked","to be checked","(loan)","NA","east2328","Eastern Mari","Ristinen1960","mhr_SPA1979_phon.pdf","Steven Moran","NA",181,"NA"
64,"east2542","l","unknown","yes","to be checked","to be checked","(loan)","NA","east2542","Eastern Ojibwa","Bloomfield1957","ojg_SPA1979_phon.pdf","Steven Moran","NA",72,"NA"
65,"panj1256","f","unknown","unknown","to be checked","to be checked","(loan,free)","NA","panj1256","Eastern Panjabi","GillGleason1963","pan_SPA1979_phon.pdf","Steven Moran","NA",175,"NA"
65,"panj1256","z̻","unknown","yes","to be checked","to be checked","(loan)","NA","panj1256","Eastern Panjabi","GillGleason1963","pan_SPA1979_phon.pdf","Steven Moran","NA",175,"NA"
66,"egyp1253","p","unknown","unknown","to be checked","to be checked","(loan,free)","NA","egyp1253","Egyptian Arabic","Mitchell1962,Tomiche1964,Kennedy1960","arz_SPA1979_phon.pdf","Steven Moran","NA",132,"NA"
66,"egyp1253","d̠ʒ","unknown","yes","to be checked","to be checked","(loan)","NA","egyp1253","Egyptian Arabic","Mitchell1962,Tomiche1964,Kennedy1960","arz_SPA1979_phon.pdf","Steven Moran","NA",132,"NA"
66,"egyp1253","v","unknown","unknown","to be checked","to be checked","(loan,free)","NA","egyp1253","Egyptian Arabic","Mitchell1962,Tomiche1964,Kennedy1960","arz_SPA1979_phon.pdf","Steven Moran","NA",132,"NA"
67,"stan1293","x","unknown","yes","to be checked","to be checked","(loan)","NA","stan1293","English","OConner1973,Gimson1962,Halle1973,Fudge1975,Trnka1968","eng_SPA1979_phon.pdf","Steven Moran","NA",160,"NA"
69,"even1260","p","unknown","unknown","to be checked","to be checked","(limited,loan)","NA","even1260","Even","Novikova1960","eve_SPA1979_phon.pdf","Steven Moran","NA",192,"NA"
69,"even1260","z","unknown","yes","to be checked","to be checked","(loan)","NA","even1260","Even","Novikova1960","eve_SPA1979_phon.pdf","Steven Moran","NA",192,"NA"
75,"garo1247","l","unknown","unknown","to be checked","to be checked","(loan,allo,free)","NA","garo1247","Garo","Burling1961","grt_SPA1979_phon.pdf","Steven Moran","NA",24,"NA"
78,"nucl1302","h","unknown","unknown","to be checked","to be checked","(limited,loan)","NA","nucl1302","Georgian","RobinsWaterson1952,Selmer1935,Tschenkeli1958,Vogt1938,Vogt1939,Vogt1958,Vogt1971","kat_SPA1979_phon.pdf","Steven Moran","NA",5,"NA"
90,"hung1274","d̠ʒ","unknown","yes","to be checked","to be checked","(loan)","NA","hung1274","Hungarian","Kalman1972,Banhidi_etal1965,Hall1938,Hall1944","hun_SPA1979_phon.pdf","Steven Moran","NA",183,"NA"
90,"hung1274","w","unknown","yes","to be checked","to be checked","(loan)","NA","hung1274","Hungarian","Kalman1972,Banhidi_etal1965,Hall1938,Hall1944","hun_SPA1979_phon.pdf","Steven Moran","NA",183,"NA"
91,"hupa1239","qʰ","unknown","yes","to be checked","to be checked","(loan)","NA","hupa1239","Hupa","Golla1970,Woodward1964","hup_SPA1979_phon.pdf","Steven Moran","NA",65,"NA"
92,"igna1246","b","stan1288","yes","to be checked","to be checked","(loan)","NA","igna1246","Ignaciano","OttOtt1967","ign_SPA1979_phon.pdf","Steven Moran","NA",111,"NA"
92,"igna1246","d","stan1288","yes","to be checked","to be checked","(loan)","NA","igna1246","Ignaciano","OttOtt1967","ign_SPA1979_phon.pdf","Steven Moran","NA",111,"NA"
92,"igna1246","f","stan1288","yes","to be checked","to be checked","(loan)","NA","igna1246","Ignaciano","OttOtt1967","ign_SPA1979_phon.pdf","Steven Moran","NA",111,"NA"
92,"igna1246","ŋ","stan1288","unknown","to be checked","to be checked","(neutral,allo,loan)","NA","igna1246","Ignaciano","OttOtt1967","ign_SPA1979_phon.pdf","Steven Moran","NA",111,"NA"
92,"igna1246","l","stan1288","yes","to be checked","to be checked","(loan)","NA","igna1246","Ignaciano","OttOtt1967","ign_SPA1979_phon.pdf","Steven Moran","NA",111,"NA"
93,"iris1253","tʰ","unknown","unknown","to be checked","to be checked","(loan,allo)","NA","iris1253","Irish","Fhailigh1968,Florence1970","gle_SPA1979_phon.pdf","Steven Moran","NA",156,"NA"
93,"iris1253","d","unknown","unknown","to be checked","to be checked","(loan,allo)","NA","iris1253","Irish","Fhailigh1968,Florence1970","gle_SPA1979_phon.pdf","Steven Moran","NA",156,"NA"
99,"kaba1278","ʕ","unknown","yes","to be checked","to be checked","(loan)","NA","kaba1278","Kabardian","Kuipers1960","kbd_SPA1979_phon.pdf","Steven Moran","NA",4,"NA"
107,"khan1273","ʃ","unknown","unknown","to be checked","to be checked","(loan,limited)","NA","khan1273","Kazym-Berezover-Suryskarer Khanty","Gulya1966,Steinitz1950,Katz1975","kca_SPA1979_phon.pdf","Steven Moran","NA",184,"NA"
126,"kuru1302","ŋ","unknown","unknown","to be checked","to be checked","(loan,allo) spaAllophoneDescription: [n-retroflex]","NA","kuru1302","Kurukh","Pinnow1964,Pfeiffer1972,Grignard1924","kru_SPA1979_phon.pdf","Steven Moran","NA",7,"NA"
126,"kuru1302","ɳ","unknown","unknown","to be checked","to be checked","(allo,loan)","NA","kuru1302","Kurukh","Pinnow1964,Pfeiffer1972,Grignard1924","kru_SPA1979_phon.pdf","Steven Moran","NA",7,"NA"
128,"lahu1253","w","unknown","yes","to be checked","to be checked","(loan)","NA","lahu1253","Lahu","Matisoff1973","lhu_SPA1979_phon.pdf","Steven Moran","NA",23,"NA"
133,"luok1236","ʃ","unknown","yes","to be checked","to be checked","(loan)","NA","luok1236","Luo (Kenya and Tanzania)","Gregersen1961","luo_SPA1979_phon.pdf","Steven Moran","NA",153,"NA"
144,"marg1265","ɛ","unknown","unknown","to be checked","to be checked","(loan,surface)","NA","marg1265","Marghi Central","Hoffmann1963","mrt_SPA1979_phon.pdf","Steven Moran","NA",126,"NA"
144,"marg1265","ɔ","unknown","unknown","to be checked","to be checked","(loan,surface,allo)","NA","marg1265","Marghi Central","Hoffmann1963","mrt_SPA1979_phon.pdf","Steven Moran","NA",126,"NA"
148,"mezq1235","t̠ʃ","unknown","yes","to be checked","to be checked","(loan)","NA","mezq1235","Mezquital Otomi","BlightEunice1976","ote_SPA1979_phon.pdf","Steven Moran","NA",97,"NA"
148,"mezq1235","l","unknown","yes","to be checked","to be checked","(loan)","NA","mezq1235","Mezquital Otomi","BlightEunice1976","ote_SPA1979_phon.pdf","Steven Moran","NA",97,"NA"
162,"nama1265","l","unknown","yes","to be checked","to be checked","(loan)","NA","nama1265","Nama","Beach1938","naq_SPA1979_phon.pdf","Steven Moran","NA",155,"NA"
162,"nama1265","c","unknown","unknown","to be checked","to be checked","(loan,allo)","NA","nama1265","Nama","Beach1938","naq_SPA1979_phon.pdf","Steven Moran","NA",155,"NA"
162,"nama1265","f","unknown","yes","to be checked","to be checked","(loan)","NA","nama1265","Nama","Beach1938","naq_SPA1979_phon.pdf","Steven Moran","NA",155,"NA"
163,"nava1243","xʷ","unknown","unknown","to be checked","to be checked","(loan,allo,free)","NA","nava1243","Navajo","SapirHoijer1967","nav_SPA1979_phon.pdf","Steven Moran","NA",66,"NA"
169,"nort2697","k","unknown","yes","to be checked","to be checked","(loan)","NA","nort2697","North Azerbaijani","HouseholderLofti1965","aze_SPA1979_phon.pdf","Steven Moran","NA",187,"NA"
169,"nort2697","f","unknown","yes","to be checked","to be checked","(loan)","NA","nort2697","North Azerbaijani","HouseholderLofti1965","aze_SPA1979_phon.pdf","Steven Moran","NA",187,"NA"
173,"nuuc1236","qʼ","unknown","unknown","to be checked","to be checked","(loan,limited)","NA","nuuc1236","Nuu-chah-nulth","SapirMorris1939,SapirMorris1955,Jacobsen1969","noo_SPA1979_phon.pdf","Steven Moran","NA",70,"NA"
173,"nuuc1236","qʷʼ","unknown","unknown","to be checked","to be checked","(loan,limited)","NA","nuuc1236","Nuu-chah-nulth","SapirMorris1939,SapirMorris1955,Jacobsen1969","noo_SPA1979_phon.pdf","Steven Moran","NA",70,"NA"
173,"nuuc1236","χ","unknown","unknown","to be checked","to be checked","(loan,limited)","NA","nuuc1236","Nuu-chah-nulth","SapirMorris1939,SapirMorris1955,Jacobsen1969","noo_SPA1979_phon.pdf","Steven Moran","NA",70,"NA"
173,"nuuc1236","χʷ","unknown","unknown","to be checked","to be checked","(loan,limited)","NA","nuuc1236","Nuu-chah-nulth","SapirMorris1939,SapirMorris1955,Jacobsen1969","noo_SPA1979_phon.pdf","Steven Moran","NA",70,"NA"
173,"nuuc1236","ɔ","unknown","unknown","to be checked","to be checked","(limited,loan)","NA","nuuc1236","Nuu-chah-nulth","SapirMorris1939,SapirMorris1955,Jacobsen1969","noo_SPA1979_phon.pdf","Steven Moran","NA",70,"NA"
173,"nuuc1236","ɔː","unknown","unknown","to be checked","to be checked","(limited,loan)","NA","nuuc1236","Nuu-chah-nulth","SapirMorris1939,SapirMorris1955,Jacobsen1969","noo_SPA1979_phon.pdf","Steven Moran","NA",70,"NA"
179,"paez1247","ɾ","unknown","yes","to be checked","to be checked","(loan)","NA","paez1247","Páez","gerdel1973paez","NA","Steven Moran","NA",102,"NA"
181,"para1311","t̠ʃ","unknown","yes","to be checked","to be checked","(loan)","NA","para1311","Paraguayan Guaraní","GregoresSuarez1967,Lunt1973,Uldall1956","gug_SPA1979_phon.pdf","Steven Moran","NA",119,"NA"
181,"para1311","f","unknown","yes","to be checked","to be checked","(loan)","NA","para1311","Paraguayan Guaraní","GregoresSuarez1967,Lunt1973,Uldall1956","gug_SPA1979_phon.pdf","Steven Moran","NA",119,"NA"
181,"para1311","ð","unknown","yes","to be checked","to be checked","(loan)","NA","para1311","Paraguayan Guaraní","GregoresSuarez1967,Lunt1973,Uldall1956","gug_SPA1979_phon.pdf","Steven Moran","NA",119,"NA"
181,"para1311","xʷ","unknown","yes","to be checked","to be checked","(loan)","NA","para1311","Paraguayan Guaraní","GregoresSuarez1967,Lunt1973,Uldall1956","gug_SPA1979_phon.pdf","Steven Moran","NA",119,"NA"
181,"para1311","l","unknown","yes","to be checked","to be checked","(loan)","NA","para1311","Paraguayan Guaraní","GregoresSuarez1967,Lunt1973,Uldall1956","gug_SPA1979_phon.pdf","Steven Moran","NA",119,"NA"
181,"para1311","ʎ","unknown","yes","to be checked","to be checked","(loan)","NA","para1311","Paraguayan Guaraní","GregoresSuarez1967,Lunt1973,Uldall1956","gug_SPA1979_phon.pdf","Steven Moran","NA",119,"NA"
181,"para1311","r","unknown","yes","to be checked","to be checked","(loan)","NA","para1311","Paraguayan Guaraní","GregoresSuarez1967,Lunt1973,Uldall1956","gug_SPA1979_phon.pdf","Steven Moran","NA",119,"NA"
181,"para1311","ɣʷ","unknown","yes","to be checked","to be checked","(loan)","NA","para1311","Paraguayan Guaraní","GregoresSuarez1967,Lunt1973,Uldall1956","gug_SPA1979_phon.pdf","Steven Moran","NA",119,"NA"
184,"pure1242","b","unknown","yes","to be checked","to be checked","(loan)","NA","pure1242","Purepecha","Foster1969","tsz_SPA1979_phon.pdf","Steven Moran","NA",87,"NA"
184,"pure1242","d","unknown","yes","to be checked","to be checked","(loan)","NA","pure1242","Purepecha","Foster1969","tsz_SPA1979_phon.pdf","Steven Moran","NA",87,"NA"
184,"pure1242","ɡ","unknown","yes","to be checked","to be checked","(loan)","NA","pure1242","Purepecha","Foster1969","tsz_SPA1979_phon.pdf","Steven Moran","NA",87,"NA"
184,"pure1242","f","unknown","yes","to be checked","to be checked","(loan)","NA","pure1242","Purepecha","Foster1969","tsz_SPA1979_phon.pdf","Steven Moran","NA",87,"NA"
184,"pure1242","ɲ","unknown","yes","to be checked","to be checked","(loan)","NA","pure1242","Purepecha","Foster1969","tsz_SPA1979_phon.pdf","Steven Moran","NA",87,"NA"
184,"pure1242","l","unknown","yes","to be checked","to be checked","(loan)","NA","pure1242","Purepecha","Foster1969","tsz_SPA1979_phon.pdf","Steven Moran","NA",87,"NA"
189,"saba1265","ɡ","unknown","yes","to be checked","to be checked","(loan)","NA","saba1265","Sa'ban","Clayre1973","snv_SPA1979_phon.pdf","Steven Moran","NA",34,"NA"
191,"yaku1245","p","unknown","unknown","to be checked","to be checked","(limited,loan)","NA","yaku1245","Sakha","Krueger1962,Bohtlingk1964","sah_SPA1979_phon.pdf","Steven Moran","NA",190,"NA"
191,"yaku1245","f","unknown","yes","to be checked","to be checked","(loan)","NA","yaku1245","Sakha","Krueger1962,Bohtlingk1964","sah_SPA1979_phon.pdf","Steven Moran","NA",190,"NA"
191,"yaku1245","v","unknown","yes","to be checked","to be checked","(loan)","NA","yaku1245","Sakha","Krueger1962,Bohtlingk1964","sah_SPA1979_phon.pdf","Steven Moran","NA",190,"NA"
191,"yaku1245","z","unknown","yes","to be checked","to be checked","(loan)","NA","yaku1245","Sakha","Krueger1962,Bohtlingk1964","sah_SPA1979_phon.pdf","Steven Moran","NA",190,"NA"
191,"yaku1245","ʃ","unknown","unknown","to be checked","to be checked","(loan,limited)","NA","yaku1245","Sakha","Krueger1962,Bohtlingk1964","sah_SPA1979_phon.pdf","Steven Moran","NA",190,"NA"
191,"yaku1245","ʒ","unknown","yes","to be checked","to be checked","(loan)","NA","yaku1245","Sakha","Krueger1962,Bohtlingk1964","sah_SPA1979_phon.pdf","Steven Moran","NA",190,"NA"
201,"sinh1246","ɸ","unknown","unknown","to be checked","to be checked","(loan,allo)","NA","sinh1246","Sinhala","CoatesSilva1960","sin_SPA1979_phon.pdf","Steven Moran","NA",178,"NA"
201,"sinh1246","ʃ","unknown","yes","to be checked","to be checked","(loan)","NA","sinh1246","Sinhala","CoatesSilva1960","sin_SPA1979_phon.pdf","Steven Moran","NA",178,"NA"
201,"sinh1246","ɲ","unknown","yes","to be checked","to be checked","(loan)","NA","sinh1246","Sinhala","CoatesSilva1960","sin_SPA1979_phon.pdf","Steven Moran","NA",178,"NA"
201,"sinh1246","ɲː","unknown","unknown","to be checked","to be checked","(loan,limited)","NA","sinh1246","Sinhala","CoatesSilva1960","sin_SPA1979_phon.pdf","Steven Moran","NA",178,"NA"
201,"sinh1246","ə","unknown","yes","to be checked","to be checked","(loan)","NA","sinh1246","Sinhala","CoatesSilva1960","sin_SPA1979_phon.pdf","Steven Moran","NA",178,"NA"
201,"sinh1246","əː","unknown","yes","to be checked","to be checked","(loan)","NA","sinh1246","Sinhala","CoatesSilva1960","sin_SPA1979_phon.pdf","Steven Moran","NA",178,"NA"
209,"sout2991","ɸ","stan1288","yes","to be checked","to be checked","(loan)","NA","sout2991","South Bolivian Quechua","Bills_etal1969,Lastra1968,Lastra1968,Parker1969","quh_SPA1979_phon.pdf","Steven Moran","NA",104,"NA"
209,"sout2991","β","stan1288","yes","to be checked","to be checked","(loan)","NA","sout2991","South Bolivian Quechua","Bills_etal1969,Lastra1968,Lastra1968,Parker1969","quh_SPA1979_phon.pdf","Steven Moran","NA",104,"NA"
209,"sout2991","ð","stan1288","yes","to be checked","to be checked","(loan)","NA","sout2991","South Bolivian Quechua","Bills_etal1969,Lastra1968,Lastra1968,Parker1969","quh_SPA1979_phon.pdf","Steven Moran","NA",104,"NA"
209,"sout2991","ʃ","stan1288","yes","to be checked","to be checked","(loan)","NA","sout2991","South Bolivian Quechua","Bills_etal1969,Lastra1968,Lastra1968,Parker1969","quh_SPA1979_phon.pdf","Steven Moran","NA",104,"NA"
209,"sout2991","ɣ","stan1288","yes","to be checked","to be checked","(loan)","NA","sout2991","South Bolivian Quechua","Bills_etal1969,Lastra1968,Lastra1968,Parker1969","quh_SPA1979_phon.pdf","Steven Moran","NA",104,"NA"
209,"sout2991","r","stan1288","yes","to be checked","to be checked","(loan)","NA","sout2991","South Bolivian Quechua","Bills_etal1969,Lastra1968,Lastra1968,Parker1969","quh_SPA1979_phon.pdf","Steven Moran","NA",104,"NA"
209,"sout2991","ɛ","stan1288","unknown","to be checked","to be checked","(loan,allo)","NA","sout2991","South Bolivian Quechua","Bills_etal1969,Lastra1968,Lastra1968,Parker1969","quh_SPA1979_phon.pdf","Steven Moran","NA",104,"NA"
209,"sout2991","ɔ","stan1288","unknown","to be checked","to be checked","(loan,allo)","NA","sout2991","South Bolivian Quechua","Bills_etal1969,Lastra1968,Lastra1968,Parker1969","quh_SPA1979_phon.pdf","Steven Moran","NA",104,"NA"
210,"sout2982","ɾ","unknown","yes","to be checked","to be checked","(loan)","NA","sout2982","Southeastern Pomo","Moshinsky1974","pom_SPA1979_phon.pdf","Steven Moran","NA",89,"NA"
211,"sout2961","b","unknown","yes","to be checked","to be checked","(loan)","NA","sout2961","Southern Tiwa","Trager1971","tix_SPA1979_phon.pdf","Steven Moran","NA",92,"NA"
211,"sout2961","d","unknown","yes","to be checked","to be checked","(loan)","NA","sout2961","Southern Tiwa","Trager1971","tix_SPA1979_phon.pdf","Steven Moran","NA",92,"NA"
211,"sout2961","ɡ","unknown","yes","to be checked","to be checked","(loan)","NA","sout2961","Southern Tiwa","Trager1971","tix_SPA1979_phon.pdf","Steven Moran","NA",92,"NA"
211,"sout2961","r","unknown","yes","to be checked","to be checked","(loan)","NA","sout2961","Southern Tiwa","Trager1971","tix_SPA1979_phon.pdf","Steven Moran","NA",92,"NA"
214,"stan1306","f","unknown","yes","to be checked","to be checked","(loan)","NA","stan1306","Standard Malay","Verguin1967,MacdonaldSoenyono1967","zsm_SPA1979_phon.pdf","Steven Moran","NA",32,"NA"
214,"stan1306","v","unknown","yes","to be checked","to be checked","(loan)","NA","stan1306","Standard Malay","Verguin1967,MacdonaldSoenyono1967","zsm_SPA1979_phon.pdf","Steven Moran","NA",32,"NA"
214,"stan1306","z","unknown","yes","to be checked","to be checked","(loan)","NA","stan1306","Standard Malay","Verguin1967,MacdonaldSoenyono1967","zsm_SPA1979_phon.pdf","Steven Moran","NA",32,"NA"
214,"stan1306","ʃ","unknown","yes","to be checked","to be checked","(loan)","NA","stan1306","Standard Malay","Verguin1967,MacdonaldSoenyono1967","zsm_SPA1979_phon.pdf","Steven Moran","NA",32,"NA"
214,"stan1306","x","unknown","yes","to be checked","to be checked","(loan)","NA","stan1306","Standard Malay","Verguin1967,MacdonaldSoenyono1967","zsm_SPA1979_phon.pdf","Steven Moran","NA",32,"NA"
220,"taba1266","ɡ","stan1288","unknown","to be checked","to be checked","(limited,loan) Source language: Spanish?","NA","taba1266","Tabasco Chontal","Keller1959","chf_SPA1979_phon.pdf","Steven Moran","NA",85,"NA"
220,"taba1266","f","stan1288","yes","to be checked","to be checked","(loan) Source language: Spanish?","NA","taba1266","Tabasco Chontal","Keller1959","chf_SPA1979_phon.pdf","Steven Moran","NA",85,"NA"
230,"tele1256","p","unknown","unknown","to be checked","to be checked","(loan,allo)","NA","tele1256","Telefol","Healey1964","tlf_SPA1979_phon.pdf","Steven Moran","NA",55,"NA"
230,"tele1256","d","unknown","unknown","to be checked","to be checked","(allo,loan,restricted)","NA","tele1256","Telefol","Healey1964","tlf_SPA1979_phon.pdf","Steven Moran","NA",55,"NA"
230,"tele1256","ɡ","unknown","unknown","to be checked","to be checked","(loan,surface)","NA","tele1256","Telefol","Healey1964","tlf_SPA1979_phon.pdf","Steven Moran","NA",55,"NA"
233,"ticu1245","f","unknown","yes","to be checked","to be checked","(loan)","NA","ticu1245","Ticuna","Anderson1959,Anderson1962","tca_SPA1979_phon.pdf","Steven Moran","NA",115,"NA"
233,"ticu1245","s","unknown","yes","to be checked","to be checked","(loan)","NA","ticu1245","Ticuna","Anderson1959,Anderson1962","tca_SPA1979_phon.pdf","Steven Moran","NA",115,"NA"
233,"ticu1245","ɾ","unknown","unknown","to be checked","to be checked","(loan,allo) spaAllophoneDescription: [l]","NA","ticu1245","Ticuna","Anderson1959,Anderson1962","tca_SPA1979_phon.pdf","Steven Moran","NA",115,"NA"
241,"tuni1252","b","unknown","unknown","to be checked","to be checked","(limited,loan)","NA","tuni1252","Tunica","Haas1941","tun_SPA1979_phon.pdf","Steven Moran","NA",80,"NA"
241,"tuni1252","d","unknown","unknown","to be checked","to be checked","(limited,loan)","NA","tuni1252","Tunica","Haas1941","tun_SPA1979_phon.pdf","Steven Moran","NA",80,"NA"
241,"tuni1252","ɡ","unknown","unknown","to be checked","to be checked","(limited,loan)","NA","tuni1252","Tunica","Haas1941","tun_SPA1979_phon.pdf","Steven Moran","NA",80,"NA"
247,"tzel1254","b","unknown","yes","to be checked","to be checked","(loan)","NA","tzel1254","Tzeltal","Kaufman1971","tzh_SPA1979_phon.pdf","Steven Moran","NA",86,"NA"
247,"tzel1254","d","unknown","yes","to be checked","to be checked","(loan)","NA","tzel1254","Tzeltal","Kaufman1971","tzh_SPA1979_phon.pdf","Steven Moran","NA",86,"NA"
247,"tzel1254","ɡ","unknown","yes","to be checked","to be checked","(loan)","NA","tzel1254","Tzeltal","Kaufman1971","tzh_SPA1979_phon.pdf","Steven Moran","NA",86,"NA"
247,"tzel1254","f","unknown","yes","to be checked","to be checked","(loan)","NA","tzel1254","Tzeltal","Kaufman1971","tzh_SPA1979_phon.pdf","Steven Moran","NA",86,"NA"
247,"tzel1254","r","unknown","yes","to be checked","to be checked","(loan)","NA","tzel1254","Tzeltal","Kaufman1971","tzh_SPA1979_phon.pdf","Steven Moran","NA",86,"NA"
256,"waim1255","s","unknown","unknown","unknown","to be checked","(limited,loan)","NA","waim1255","Waimaha","StolteStolte1971","mlt_SPA1979_phon.pdf","Steven Moran","NA",114,"NA"
268,"chuv1255","d","unknown","yes","to be checked","to be checked","(loan)","NA","chuv1255","Chuvash","Kruger1961,Andreev1966","chv_SPA1979_phon.pdf","Steven Moran","NA",189,"NA"
268,"chuv1255","ʒ","unknown","yes","to be checked","to be checked","(loan)","NA","chuv1255","Chuvash","Kruger1961,Andreev1966","chv_SPA1979_phon.pdf","Steven Moran","NA",189,"NA"
268,"chuv1255","o̞","unknown","yes","to be checked","to be checked","(loan)","NA","chuv1255","Chuvash","Kruger1961,Andreev1966","chv_SPA1979_phon.pdf","Steven Moran","NA",189,"NA"
269,"ewee1241","pʰ","unknown","unknown","to be checked","to be checked","(loan,limited)","NA","ewee1241","Ewe","Stahlke1970,Berry1951,Ansre1961,Ladefoged1964","ewe_SPA1979_phon.pdf","Steven Moran","NA",142,"NA"
270,"finn1318","d","unknown","unknown","to be checked","to be checked","(loan,surface)","NA","finn1318","Finnish","Lehtinen1964,Harms1964,Austerlitz1967,Hammarberg1974,Kiparsky1968,Harms1966","fin_SPA1979_phon.pdf","Steven Moran","NA",180,"NA"
271,"nucl1643","p","unknown","unknown","to be checked","to be checked","(allo,limited,loan)","NA","nucl1643","Japanese","Bloch1950,Martin1952,Jorden1963","jpn_SPA1979_phon.pdf","Steven Moran","NA",197,"NA"
272,"halh1238","kʰ","unknown","yes","to be checked","to be checked","(loan)","NA","halh1238","Halh Mongolian","Hangin1968,Luvsanvandan1964,Street1963","khk_SPA1979_phon.pdf","Steven Moran","NA",191,"NA"
272,"halh1238","ɸ","unknown","unknown","to be checked","to be checked","(allo,loan)","NA","halh1238","Halh Mongolian","Hangin1968,Luvsanvandan1964,Street1963","khk_SPA1979_phon.pdf","Steven Moran","NA",191,"NA"
272,"halh1238","β","unknown","unknown","to be checked","to be checked","(allo,loan)","NA","halh1238","Halh Mongolian","Hangin1968,Luvsanvandan1964,Street1963","khk_SPA1979_phon.pdf","Steven Moran","NA",191,"NA"
272,"halh1238","l̥","unknown","unknown","to be checked","to be checked","(allo,loan)","NA","halh1238","Halh Mongolian","Hangin1968,Luvsanvandan1964,Street1963","khk_SPA1979_phon.pdf","Steven Moran","NA",191,"NA"
273,"hind1269","q","unknown","yes","to be checked","to be checked","(loan)","NA","hind1269","Hindi","Kelkar1968,VermeerSharma1966,Pinnow1953,Srivastava1969","hin_SPA1979_phon.pdf","Steven Moran","NA",176,"NA"
273,"hind1269","qː","unknown","yes","to be checked","to be checked","(loan)","NA","hind1269","Hindi","Kelkar1968,VermeerSharma1966,Pinnow1953,Srivastava1969","hin_SPA1979_phon.pdf","Steven Moran","NA",176,"NA"
273,"hind1269","f","fars1254","yes","to be checked","to be checked","(loan)","NA","hind1269","Hindi","Kelkar1968,VermeerSharma1966,Pinnow1953,Srivastava1969","hin_SPA1979_phon.pdf","Steven Moran","NA",176,"NA"
273,"hind1269","fː","unknown","yes","to be checked","to be checked","(loan)","NA","hind1269","Hindi","Kelkar1968,VermeerSharma1966,Pinnow1953,Srivastava1969","hin_SPA1979_phon.pdf","Steven Moran","NA",176,"NA"
273,"hind1269","z","fars1254","yes","to be checked","to be checked","(loan)","NA","hind1269","Hindi","Kelkar1968,VermeerSharma1966,Pinnow1953,Srivastava1969","hin_SPA1979_phon.pdf","Steven Moran","NA",176,"NA"
273,"hind1269","zː","unknown","yes","to be checked","to be checked","(loan)","NA","hind1269","Hindi","Kelkar1968,VermeerSharma1966,Pinnow1953,Srivastava1969","hin_SPA1979_phon.pdf","Steven Moran","NA",176,"NA"
273,"hind1269","ʂ","unknown","yes","to be checked","to be checked","(loan)","NA","hind1269","Hindi","Kelkar1968,VermeerSharma1966,Pinnow1953,Srivastava1969","hin_SPA1979_phon.pdf","Steven Moran","NA",176,"NA"
273,"hind1269","ʃː","unknown","yes","to be checked","to be checked","(loan)","NA","hind1269","Hindi","Kelkar1968,VermeerSharma1966,Pinnow1953,Srivastava1969","hin_SPA1979_phon.pdf","Steven Moran","NA",176,"NA"
273,"hind1269","ʒ","unknown","yes","to be checked","to be checked","(loan)","NA","hind1269","Hindi","Kelkar1968,VermeerSharma1966,Pinnow1953,Srivastava1969","hin_SPA1979_phon.pdf","Steven Moran","NA",176,"NA"
273,"hind1269","χ","unknown","yes","to be checked","to be checked","(loan)","NA","hind1269","Hindi","Kelkar1968,VermeerSharma1966,Pinnow1953,Srivastava1969","hin_SPA1979_phon.pdf","Steven Moran","NA",176,"NA"
273,"hind1269","ʁ","unknown","yes","to be checked","to be checked","(loan)","NA","hind1269","Hindi","Kelkar1968,VermeerSharma1966,Pinnow1953,Srivastava1969","hin_SPA1979_phon.pdf","Steven Moran","NA",176,"NA"
273,"hind1269","ɽ̃","unknown","unknown","to be checked","to be checked","(allo,loan)","NA","hind1269","Hindi","Kelkar1968,VermeerSharma1966,Pinnow1953,Srivastava1969","hin_SPA1979_phon.pdf","Steven Moran","NA",176,"NA"
273,"hind1269","ʔ","unknown","yes","to be checked","to be checked","(loan)","NA","hind1269","Hindi","Kelkar1968,VermeerSharma1966,Pinnow1953,Srivastava1969","hin_SPA1979_phon.pdf","Steven Moran","NA",176,"NA"
273,"hind1269","ɪ̈","unknown","yes","to be checked","to be checked","(loan)","NA","hind1269","Hindi","Kelkar1968,VermeerSharma1966,Pinnow1953,Srivastava1969","hin_SPA1979_phon.pdf","Steven Moran","NA",176,"NA"
273,"hind1269","ɑ","unknown","yes","to be checked","to be checked","(loan)","NA","hind1269","Hindi","Kelkar1968,VermeerSharma1966,Pinnow1953,Srivastava1969","hin_SPA1979_phon.pdf","Steven Moran","NA",176,"NA"
274,"komi1268","v","unknown","yes","to be checked","to be checked","(loan)","NA","komi1268","Komi-Zyrian","Lytkin1966,Bubrich1949","kpv_SPA1979_phon.pdf","Steven Moran","NA",182,"NA"
275,"lith1251","ts","unknown","yes","to be checked","to be checked","(loan)","NA","lith1251","Lithuanian","Senn1966,Augustitis1964,Ambrazas_etal1966","lit_SPA1979_phon.pdf","Steven Moran","NA",168,"NA"
275,"lith1251","tsʲ","unknown","unknown","to be checked","to be checked","(loan,limited)","NA","lith1251","Lithuanian","Senn1966,Augustitis1964,Ambrazas_etal1966","lit_SPA1979_phon.pdf","Steven Moran","NA",168,"NA"
276,"aleu1260","β","unknown","yes","to be checked","to be checked","(loan)","NA","aleu1260","Aleut","Bergsland1956,Bergsland1959,Menovshchikov1968,Jakobson1944","ale_SPA1979_phon.pdf","Steven Moran","NA",61,"NA"
276,"aleu1260","r","unknown","yes","to be checked","to be checked","(loan)","NA","aleu1260","Aleut","Bergsland1956,Bergsland1959,Menovshchikov1968,Jakobson1944","ale_SPA1979_phon.pdf","Steven Moran","NA",61,"NA"
278,"mapu1245","s","unknown","yes","to be checked","to be checked","(loan)","NA","mapu1245","Mapudungun","EcheverriaContreras1965","arn_SPA1979_phon.pdf","Steven Moran","NA",106,"NA"
279,"sanm1295","r","stan1288","yes","to be checked","to be checked","(loan)","NA","sanm1295","San Miguel El Grande Mixtec","HunterPike1969","mig_SPA1979_phon.pdf","Steven Moran","NA",100,"NA"
281,"hebr1245","ŋ","unknown","unknown","to be checked","to be checked","(allo,loan)","NA","hebr1245","Modern Hebrew","Chayen1973,CohenZafrani1968","heb_SPA1979_phon.pdf","Steven Moran","NA",135,"NA"
283,"taga1270","ɾ","unknown","unknown","to be checked","to be checked","(loan,surface)","NA","taga1270","Tagalog","SchachterOtanes1972,Bloomfield1917","tgl_SPA1979_phon.pdf","Steven Moran","NA",37,"NA"
283,"taga1270","iː","unknown","unknown","to be checked","to be checked","(loan,surface)","NA","taga1270","Tagalog","SchachterOtanes1972,Bloomfield1917","tgl_SPA1979_phon.pdf","Steven Moran","NA",37,"NA"
283,"taga1270","eː","unknown","unknown","to be checked","to be checked","(loan,surface)","NA","taga1270","Tagalog","SchachterOtanes1972,Bloomfield1917","tgl_SPA1979_phon.pdf","Steven Moran","NA",37,"NA"
283,"taga1270","aː","unknown","unknown","to be checked","to be checked","(surface,loan)","NA","taga1270","Tagalog","SchachterOtanes1972,Bloomfield1917","tgl_SPA1979_phon.pdf","Steven Moran","NA",37,"NA"
283,"taga1270","uː","unknown","unknown","to be checked","to be checked","(surface,loan)","NA","taga1270","Tagalog","SchachterOtanes1972,Bloomfield1917","tgl_SPA1979_phon.pdf","Steven Moran","NA",37,"NA"
283,"taga1270","oː","unknown","unknown","to be checked","to be checked","(surface,loan)","NA","taga1270","Tagalog","SchachterOtanes1972,Bloomfield1917","tgl_SPA1979_phon.pdf","Steven Moran","NA",37,"NA"
284,"nucl1301","cʰ","unknown","unknown","to be checked","to be checked","(loan,allo)","NA","nucl1301","Turkish","Swift1963,Lees1961,Underhill1976","tur_SPA1979_phon.pdf","Steven Moran","NA",186,"NA"
284,"nucl1301","ɟ","unknown","unknown","to be checked","to be checked","(loan,allo)","NA","nucl1301","Turkish","Swift1963,Lees1961,Underhill1976","tur_SPA1979_phon.pdf","Steven Moran","NA",186,"NA"
284,"nucl1301","ʎ","unknown","unknown","to be checked","to be checked","(loan,allo)","NA","nucl1301","Turkish","Swift1963,Lees1961,Underhill1976","tur_SPA1979_phon.pdf","Steven Moran","NA",186,"NA"
284,"nucl1301","ʔ","unknown","unknown","to be checked","to be checked","(loan,transitional)","NA","nucl1301","Turkish","Swift1963,Lees1961,Underhill1976","tur_SPA1979_phon.pdf","Steven Moran","NA",186,"NA"
305,"stan1290","ŋ","stan1293","yes","new phoneme","no","NA","NA","stan1290","French","Sten1963","fra_SPA1979_phon.pdf","Eitan Grossman","NA",162,"NA"
537,"moro1292","p","stan1290","unknown","new phoneme","no","NA","NA","moro1292","Moroccan Arabic","cohen2017moroccanarabic,Harrell1962,Abdel-Massih1973,Harrell1965","ary_SPA1979_phon.pdf","Dmitry Nikolaev","Unlike the SPA doculect with the same phonemes, this one lists the source language (Standard French).",133,"NA"
537,"moro1292","v","stan1290","yes","new phoneme","no","NA","NA","moro1292","Moroccan Arabic","cohen2017moroccanarabic,Harrell1962,Abdel-Massih1973,Harrell1965","ary_SPA1979_phon.pdf","Dmitry Nikolaev","Unlike the SPA doculect with the same phonemes, this one lists the source language (Standard French).",133,"NA"
