"InventoryID","BorrowingLanguageGlottocode","BorrowedSound","SourceLanguageGlottocode","OnlyInLoanwords","Result","NewDistinction","PhonemeComments","Verified","Glottocode","LanguageName","BibTexKey","Filename","Contributor","MetadataComments","PhoibleID","ClosestNeighbor","family_id","parent_id","name","bookkeeping","level","status","latitude","longitude","iso639P3code","description","markup_description","child_family_count","child_language_count","child_dialect_count","country_ids","glottocode","isocodes","macroarea"
17,"awiy1238","t","unknown","unknown","to be checked","to be checked","(free,loan) spaAllophoneDescription: [s]","NA","awiy1238","Awiyaana","Bees1965","auy_SPA1979_phon.pdf","Steven Moran","NA",57,"NA","nucl1709","auya1234","Awiyaana","False","language","safe",-6.54079,145.76,"auy",NA,NA,0,0,0,"PG","awiy1238","auy","Papunesia"
21,"basq1248","χ","unknown","yes","to be checked","to be checked","(loan)","NA","basq1248","Basque","Ndiaye1970,Gavel1929","eus_SPA1979_phon.pdf","Steven Moran","NA",179,"NA","","","Basque","False","language","vulnerable",43.2787,-1.31622,"eus",NA,NA,0,0,11,"ES FR","basq1248","eus","Eurasia"
24,"beng1280","s","unknown","unknown","to be checked","to be checked","(allo,restricted,loan)","NA","beng1280","Bengali","FergusonChowdhury1960","ben_SPA1979_phon.pdf","Steven Moran","NA",177,"NA","indo1319","gaud1238","Bengali","False","language","safe",24,90,"ben",NA,NA,0,0,15,"BD IN NP","beng1280","ben","Eurasia"
30,"bret1244","ɛ̃ː","unknown","yes","to be checked","to be checked","(loan)","NA","bret1244","Breton","Ternes1970","bre_SPA1979_phon.pdf","Steven Moran","NA",157,"NA","indo1319","sout3176","Breton","False","language","safe",48.2452,-3.78934,"bre",NA,NA,0,0,4,"FR","bret1244","bre","Eurasia"
31,"bulg1262","dz","unknown","unknown","to be checked","to be checked","(limited,loan,allo)","NA","bulg1262","Bulgarian","Aronson1968,Klagstad1958","bul_SPA1979_phon.pdf","Steven Moran","NA",167,"NA","indo1319","mace1252","Bulgarian","False","language","definitely endangered",43.3646,25.047,"bul",NA,NA,0,0,2,"BG GR MD MK RO RS TR UA","bulg1262","bul","Eurasia"
33,"buru1296","f","unknown","unknown","to be checked","to be checked","(loan,free)","NA","buru1296","Burushaski","Morgenstierne1945","bsk_SPA1979_phon.pdf","Steven Moran","NA",6,"NA","","","Burushaski","False","language","definitely endangered",36.2161,74.8236,"bsk",NA,NA,0,0,3,"IN PK","buru1296","bsk","Eurasia"
33,"buru1296","χ","unknown","unknown","to be checked","to be checked","(loan,free)","NA","buru1296","Burushaski","Morgenstierne1945","bsk_SPA1979_phon.pdf","Steven Moran","NA",6,"NA","","","Burushaski","False","language","definitely endangered",36.2161,74.8236,"bsk",NA,NA,0,0,3,"IN PK","buru1296","bsk","Eurasia"
37,"cent2050","x","unknown","yes","to be checked","to be checked","(loan)","NA","cent2050","Central Kanuri","Lukas1937","knc_SPA1979_phon.pdf","Steven Moran","NA",150,"NA","saha1256","kanu1281","Central Kanuri","False","language","safe",11.8863,16.3918,"knc",NA,NA,0,0,14,"CM NE NG SD TD","cent2050","knc","Africa"
43,"chiq1250","p","unknown","yes","to be checked","to be checked","(loan)","NA","chiq1250","Chiquihuitlán Mazatec","PikePike1947","maq_SPA1979_phon.pdf","Steven Moran","NA",99,"NA","otom1299","maza1308","Chiquihuitlán Mazatec","False","language","definitely endangered",18.0541,-96.6659,"maq",NA,NA,0,0,0,"MX","chiq1250","maq","North America"
43,"chiq1250","b","unknown","yes","to be checked","to be checked","(loan)","NA","chiq1250","Chiquihuitlán Mazatec","PikePike1947","maq_SPA1979_phon.pdf","Steven Moran","NA",99,"NA","otom1299","maza1308","Chiquihuitlán Mazatec","False","language","definitely endangered",18.0541,-96.6659,"maq",NA,NA,0,0,0,"MX","chiq1250","maq","North America"
43,"chiq1250","ð","unknown","yes","to be checked","to be checked","(loan)","NA","chiq1250","Chiquihuitlán Mazatec","PikePike1947","maq_SPA1979_phon.pdf","Steven Moran","NA",99,"NA","otom1299","maza1308","Chiquihuitlán Mazatec","False","language","definitely endangered",18.0541,-96.6659,"maq",NA,NA,0,0,0,"MX","chiq1250","maq","North America"
43,"chiq1250","ɣ","unknown","yes","to be checked","to be checked","(loan)","NA","chiq1250","Chiquihuitlán Mazatec","PikePike1947","maq_SPA1979_phon.pdf","Steven Moran","NA",99,"NA","otom1299","maza1308","Chiquihuitlán Mazatec","False","language","definitely endangered",18.0541,-96.6659,"maq",NA,NA,0,0,0,"MX","chiq1250","maq","North America"
43,"chiq1250","r","unknown","yes","to be checked","to be checked","(loan)","NA","chiq1250","Chiquihuitlán Mazatec","PikePike1947","maq_SPA1979_phon.pdf","Steven Moran","NA",99,"NA","otom1299","maza1308","Chiquihuitlán Mazatec","False","language","definitely endangered",18.0541,-96.6659,"maq",NA,NA,0,0,0,"MX","chiq1250","maq","North America"
50,"copa1236","b","unknown","unknown","to be checked","to be checked","(allo,loan)","NA","copa1236","Copainalá Zoque","Wonderly1951","zoc_SPA1979_phon.pdf","Steven Moran","NA",83,"NA","mixe1284","chia1261","Copainalá Zoque","False","language","definitely endangered",17.2157,-93.3183,"zoc",NA,NA,0,0,2,"MX","copa1236","zoc","North America"
50,"copa1236","d","unknown","unknown","to be checked","to be checked","(allo,loan)","NA","copa1236","Copainalá Zoque","Wonderly1951","zoc_SPA1979_phon.pdf","Steven Moran","NA",83,"NA","mixe1284","chia1261","Copainalá Zoque","False","language","definitely endangered",17.2157,-93.3183,"zoc",NA,NA,0,0,2,"MX","copa1236","zoc","North America"
50,"copa1236","ɡ","unknown","unknown","to be checked","to be checked","(allo,loan)","NA","copa1236","Copainalá Zoque","Wonderly1951","zoc_SPA1979_phon.pdf","Steven Moran","NA",83,"NA","mixe1284","chia1261","Copainalá Zoque","False","language","definitely endangered",17.2157,-93.3183,"zoc",NA,NA,0,0,2,"MX","copa1236","zoc","North America"
50,"copa1236","f","unknown","yes","to be checked","to be checked","(loan)","NA","copa1236","Copainalá Zoque","Wonderly1951","zoc_SPA1979_phon.pdf","Steven Moran","NA",83,"NA","mixe1284","chia1261","Copainalá Zoque","False","language","definitely endangered",17.2157,-93.3183,"zoc",NA,NA,0,0,2,"MX","copa1236","zoc","North America"
50,"copa1236","ɾ","unknown","yes","to be checked","to be checked","(loan)","NA","copa1236","Copainalá Zoque","Wonderly1951","zoc_SPA1979_phon.pdf","Steven Moran","NA",83,"NA","mixe1284","chia1261","Copainalá Zoque","False","language","definitely endangered",17.2157,-93.3183,"zoc",NA,NA,0,0,2,"MX","copa1236","zoc","North America"
50,"copa1236","r","unknown","yes","to be checked","to be checked","(loan)","NA","copa1236","Copainalá Zoque","Wonderly1951","zoc_SPA1979_phon.pdf","Steven Moran","NA",83,"NA","mixe1284","chia1261","Copainalá Zoque","False","language","definitely endangered",17.2157,-93.3183,"zoc",NA,NA,0,0,2,"MX","copa1236","zoc","North America"
61,"nucl1235","f","unknown","yes","to be checked","to be checked","(loan)","NA","nucl1235","Eastern Armenian","Allen1950","hye_SPA1979_phon.pdf","Steven Moran","NA",171,"NA","indo1319","east2768","Eastern Armenian","False","language","definitely endangered",40,45,"hye",NA,NA,0,0,18,"AM AZ GE IR SY TR","nucl1235","hye","Eurasia"
63,"east2328","pʲ","unknown","yes","to be checked","to be checked","(loan)","NA","east2328","Eastern Mari","Ristinen1960","mhr_SPA1979_phon.pdf","Steven Moran","NA",181,"NA","ural1272","mari1278","Eastern Mari","False","language","vulnerable",55.8307,48.405,"mhr",NA,NA,0,0,1,"KZ RU","east2328","mhr","Eurasia"
63,"east2328","tʲ","unknown","yes","to be checked","to be checked","(loan)","NA","east2328","Eastern Mari","Ristinen1960","mhr_SPA1979_phon.pdf","Steven Moran","NA",181,"NA","ural1272","mari1278","Eastern Mari","False","language","vulnerable",55.8307,48.405,"mhr",NA,NA,0,0,1,"KZ RU","east2328","mhr","Eurasia"
63,"east2328","ts","unknown","yes","to be checked","to be checked","(loan)","NA","east2328","Eastern Mari","Ristinen1960","mhr_SPA1979_phon.pdf","Steven Moran","NA",181,"NA","ural1272","mari1278","Eastern Mari","False","language","vulnerable",55.8307,48.405,"mhr",NA,NA,0,0,1,"KZ RU","east2328","mhr","Eurasia"
63,"east2328","f","unknown","yes","to be checked","to be checked","(loan)","NA","east2328","Eastern Mari","Ristinen1960","mhr_SPA1979_phon.pdf","Steven Moran","NA",181,"NA","ural1272","mari1278","Eastern Mari","False","language","vulnerable",55.8307,48.405,"mhr",NA,NA,0,0,1,"KZ RU","east2328","mhr","Eurasia"
63,"east2328","sʲ","unknown","yes","to be checked","to be checked","(loan)","NA","east2328","Eastern Mari","Ristinen1960","mhr_SPA1979_phon.pdf","Steven Moran","NA",181,"NA","ural1272","mari1278","Eastern Mari","False","language","vulnerable",55.8307,48.405,"mhr",NA,NA,0,0,1,"KZ RU","east2328","mhr","Eurasia"
63,"east2328","x","unknown","yes","to be checked","to be checked","(loan)","NA","east2328","Eastern Mari","Ristinen1960","mhr_SPA1979_phon.pdf","Steven Moran","NA",181,"NA","ural1272","mari1278","Eastern Mari","False","language","vulnerable",55.8307,48.405,"mhr",NA,NA,0,0,1,"KZ RU","east2328","mhr","Eurasia"
64,"east2542","l","unknown","yes","to be checked","to be checked","(loan)","NA","east2542","Eastern Ojibwa","Bloomfield1957","ojg_SPA1979_phon.pdf","Steven Moran","NA",72,"NA","algi1248","cent2252","Eastern Ojibwa","False","language","definitely endangered",45.0112,-79.7503,"ojg",NA,NA,0,0,0,"CA","east2542","ojg","North America"
65,"panj1256","f","unknown","unknown","to be checked","to be checked","(loan,free)","NA","panj1256","Eastern Panjabi","GillGleason1963","pan_SPA1979_phon.pdf","Steven Moran","NA",175,"NA","indo1319","east2727","Eastern Panjabi","False","language","safe",30.0368,75.6702,"pan",NA,NA,0,0,7,"BD IN PK","panj1256","pan","Eurasia"
65,"panj1256","z̻","unknown","yes","to be checked","to be checked","(loan)","NA","panj1256","Eastern Panjabi","GillGleason1963","pan_SPA1979_phon.pdf","Steven Moran","NA",175,"NA","indo1319","east2727","Eastern Panjabi","False","language","safe",30.0368,75.6702,"pan",NA,NA,0,0,7,"BD IN PK","panj1256","pan","Eurasia"
66,"egyp1253","p","unknown","unknown","to be checked","to be checked","(loan,free)","NA","egyp1253","Egyptian Arabic","Mitchell1962,Tomiche1964,Kennedy1960","arz_SPA1979_phon.pdf","Steven Moran","NA",132,"NA","afro1255","egyp1254","Egyptian Arabic","False","language","safe",31,31,"arz",NA,NA,0,0,3,"EG IL LY","egyp1253","arz","Africa"
66,"egyp1253","d̠ʒ","unknown","yes","to be checked","to be checked","(loan)","NA","egyp1253","Egyptian Arabic","Mitchell1962,Tomiche1964,Kennedy1960","arz_SPA1979_phon.pdf","Steven Moran","NA",132,"NA","afro1255","egyp1254","Egyptian Arabic","False","language","safe",31,31,"arz",NA,NA,0,0,3,"EG IL LY","egyp1253","arz","Africa"
66,"egyp1253","v","unknown","unknown","to be checked","to be checked","(loan,free)","NA","egyp1253","Egyptian Arabic","Mitchell1962,Tomiche1964,Kennedy1960","arz_SPA1979_phon.pdf","Steven Moran","NA",132,"NA","afro1255","egyp1254","Egyptian Arabic","False","language","safe",31,31,"arz",NA,NA,0,0,3,"EG IL LY","egyp1253","arz","Africa"
67,"stan1293","x","unknown","yes","to be checked","to be checked","(loan)","NA","stan1293","English","OConner1973,Gimson1962,Halle1973,Fudge1975,Trnka1968","eng_SPA1979_phon.pdf","Steven Moran","NA",160,"NA","indo1319","macr1271","English","False","language","safe",53,-1,"eng",NA,NA,0,0,5,"AU BM BR BZ CA CK CU DO FK GB GI GP GT GY HN IE KY LR MX NF PN SH SR US VE ZA","stan1293","eng","Eurasia"
69,"even1260","p","unknown","unknown","to be checked","to be checked","(limited,loan)","NA","even1260","Even","Novikova1960","eve_SPA1979_phon.pdf","Steven Moran","NA",192,"NA","tung1282","nort3147","Even","False","language","severely endangered",70.6687,130.914,"eve",NA,NA,0,0,10,"RU","even1260","eve","Eurasia"
69,"even1260","z","unknown","yes","to be checked","to be checked","(loan)","NA","even1260","Even","Novikova1960","eve_SPA1979_phon.pdf","Steven Moran","NA",192,"NA","tung1282","nort3147","Even","False","language","severely endangered",70.6687,130.914,"eve",NA,NA,0,0,10,"RU","even1260","eve","Eurasia"
75,"garo1247","l","unknown","unknown","to be checked","to be checked","(loan,allo,free)","NA","garo1247","Garo","Burling1961","grt_SPA1979_phon.pdf","Steven Moran","NA",24,"NA","sino1245","bodo1279","Garo","False","language","vulnerable",25.2954,90.462,"grt",NA,NA,0,0,10,"BD IN","garo1247","grt","Eurasia"
78,"nucl1302","h","unknown","unknown","to be checked","to be checked","(limited,loan)","NA","nucl1302","Georgian","RobinsWaterson1952,Selmer1935,Tschenkeli1958,Vogt1938,Vogt1939,Vogt1958,Vogt1971","kat_SPA1979_phon.pdf","Steven Moran","NA",5,"NA","kart1248","geor1253","Georgian","False","language","safe",41.850397,43.78613,"kat",NA,NA,0,0,16,"AM AZ GE IR RU TR","nucl1302","kat","Eurasia"
90,"hung1274","d̠ʒ","unknown","yes","to be checked","to be checked","(loan)","NA","hung1274","Hungarian","Kalman1972,Banhidi_etal1965,Hall1938,Hall1944","hun_SPA1979_phon.pdf","Steven Moran","NA",183,"NA","ural1272","ural1272","Hungarian","False","language","severely endangered",46.9068585714,19.6555271429,"hun",NA,NA,0,0,10,"AT HR HU RO RS SI SK UA","hung1274","hun","Eurasia"
90,"hung1274","w","unknown","yes","to be checked","to be checked","(loan)","NA","hung1274","Hungarian","Kalman1972,Banhidi_etal1965,Hall1938,Hall1944","hun_SPA1979_phon.pdf","Steven Moran","NA",183,"NA","ural1272","ural1272","Hungarian","False","language","severely endangered",46.9068585714,19.6555271429,"hun",NA,NA,0,0,10,"AT HR HU RO RS SI SK UA","hung1274","hun","Eurasia"
91,"hupa1239","qʰ","unknown","yes","to be checked","to be checked","(loan)","NA","hupa1239","Hupa","Golla1970,Woodward1964","hup_SPA1979_phon.pdf","Steven Moran","NA",65,"NA","atha1245","cali1245","Hupa","False","language","critically endangered",41.0982,-123.68,"hup",NA,NA,0,0,0,"US","hupa1239","hup","North America"
92,"igna1246","b","stan1288","yes","to be checked","to be checked","(loan)","NA","igna1246","Ignaciano","OttOtt1967","ign_SPA1979_phon.pdf","Steven Moran","NA",111,"NA","araw1281","moxo1234","Ignaciano","False","language","definitely endangered",-15.1188,-65.3993,"ign",NA,NA,0,0,0,"BO","igna1246","ign","South America"
92,"igna1246","d","stan1288","yes","to be checked","to be checked","(loan)","NA","igna1246","Ignaciano","OttOtt1967","ign_SPA1979_phon.pdf","Steven Moran","NA",111,"NA","araw1281","moxo1234","Ignaciano","False","language","definitely endangered",-15.1188,-65.3993,"ign",NA,NA,0,0,0,"BO","igna1246","ign","South America"
92,"igna1246","f","stan1288","yes","to be checked","to be checked","(loan)","NA","igna1246","Ignaciano","OttOtt1967","ign_SPA1979_phon.pdf","Steven Moran","NA",111,"NA","araw1281","moxo1234","Ignaciano","False","language","definitely endangered",-15.1188,-65.3993,"ign",NA,NA,0,0,0,"BO","igna1246","ign","South America"
92,"igna1246","ŋ","stan1288","unknown","to be checked","to be checked","(neutral,allo,loan)","NA","igna1246","Ignaciano","OttOtt1967","ign_SPA1979_phon.pdf","Steven Moran","NA",111,"NA","araw1281","moxo1234","Ignaciano","False","language","definitely endangered",-15.1188,-65.3993,"ign",NA,NA,0,0,0,"BO","igna1246","ign","South America"
92,"igna1246","l","stan1288","yes","to be checked","to be checked","(loan)","NA","igna1246","Ignaciano","OttOtt1967","ign_SPA1979_phon.pdf","Steven Moran","NA",111,"NA","araw1281","moxo1234","Ignaciano","False","language","definitely endangered",-15.1188,-65.3993,"ign",NA,NA,0,0,0,"BO","igna1246","ign","South America"
93,"iris1253","tʰ","unknown","unknown","to be checked","to be checked","(loan,allo)","NA","iris1253","Irish","Fhailigh1968,Florence1970","gle_SPA1979_phon.pdf","Steven Moran","NA",156,"NA","indo1319","west2822","Irish","False","language","definitely endangered",53.2186,-7.61509,"gle",NA,NA,0,0,3,"GB IE","iris1253","gle","Eurasia"
93,"iris1253","d","unknown","unknown","to be checked","to be checked","(loan,allo)","NA","iris1253","Irish","Fhailigh1968,Florence1970","gle_SPA1979_phon.pdf","Steven Moran","NA",156,"NA","indo1319","west2822","Irish","False","language","definitely endangered",53.2186,-7.61509,"gle",NA,NA,0,0,3,"GB IE","iris1253","gle","Eurasia"
99,"kaba1278","ʕ","unknown","yes","to be checked","to be checked","(loan)","NA","kaba1278","Kabardian","Kuipers1960","kbd_SPA1979_phon.pdf","Steven Moran","NA",4,"NA","abkh1242","circ1239","Kabardian","False","language","vulnerable",43.5082,43.3918,"kbd",NA,NA,0,0,1,"RU TR","kaba1278","kbd","Eurasia"
107,"khan1273","ʃ","unknown","unknown","to be checked","to be checked","(loan,limited)","NA","khan1273","Kazym-Berezover-Suryskarer Khanty","Gulya1966,Steinitz1950,Katz1975","kca_SPA1979_phon.pdf","Steven Moran","NA",184,"NA","ural1272","nort3264","Kazym-Berezover-Suryskarer Khanty","False","language","definitely endangered",62.4308,66.1218,"kca",NA,NA,0,0,4,"RU","khan1273","kca","Eurasia"
126,"kuru1302","ŋ","unknown","unknown","to be checked","to be checked","(loan,allo) spaAllophoneDescription: [n-retroflex]","NA","kuru1302","Kurukh","Pinnow1964,Pfeiffer1972,Grignard1924","kru_SPA1979_phon.pdf","Steven Moran","NA",7,"NA","drav1251","kuru1301","Kurukh","False","language","vulnerable",24.4644,86.4657,"kru",NA,NA,0,0,2,"BD BT IN","kuru1302","kru","Eurasia"
126,"kuru1302","ɳ","unknown","unknown","to be checked","to be checked","(allo,loan)","NA","kuru1302","Kurukh","Pinnow1964,Pfeiffer1972,Grignard1924","kru_SPA1979_phon.pdf","Steven Moran","NA",7,"NA","drav1251","kuru1301","Kurukh","False","language","vulnerable",24.4644,86.4657,"kru",NA,NA,0,0,2,"BD BT IN","kuru1302","kru","Eurasia"
128,"lahu1253","w","unknown","yes","to be checked","to be checked","(loan)","NA","lahu1253","Lahu","Matisoff1973","lhu_SPA1979_phon.pdf","Steven Moran","NA",23,"NA","sino1245","laho1234","Lahu","False","language","safe",21.2701,100.214,"lhu",NA,NA,0,0,4,"CN LA MM TH VN","lahu1253","lhu","Eurasia"
133,"luok1236","ʃ","unknown","yes","to be checked","to be checked","(loan)","NA","luok1236","Luo (Kenya and Tanzania)","Gregersen1961","luo_SPA1979_phon.pdf","Steven Moran","NA",153,"NA","nilo1247","adho1242","Luo (Kenya and Tanzania)","False","language","safe",-0.93296,34.4896,"luo",NA,NA,0,0,0,"KE TZ","luok1236","luo","Africa"
144,"marg1265","ɛ","unknown","unknown","to be checked","to be checked","(loan,surface)","NA","marg1265","Marghi Central","Hoffmann1963","mrt_SPA1979_phon.pdf","Steven Moran","NA",126,"NA","afro1255","bium1270","Marghi Central","False","language","safe",10.93854,13.0521,"mrt",NA,NA,0,0,4,"NG","marg1265","mrt","Africa"
144,"marg1265","ɔ","unknown","unknown","to be checked","to be checked","(loan,surface,allo)","NA","marg1265","Marghi Central","Hoffmann1963","mrt_SPA1979_phon.pdf","Steven Moran","NA",126,"NA","afro1255","bium1270","Marghi Central","False","language","safe",10.93854,13.0521,"mrt",NA,NA,0,0,4,"NG","marg1265","mrt","Africa"
148,"mezq1235","t̠ʃ","unknown","yes","to be checked","to be checked","(loan)","NA","mezq1235","Mezquital Otomi","BlightEunice1976","ote_SPA1979_phon.pdf","Steven Moran","NA",97,"NA","otom1299","nort3201","Mezquital Otomi","False","language","safe",20.2274,-99.5564,"ote",NA,NA,0,0,0,"MX US","mezq1235","ote","North America"
148,"mezq1235","l","unknown","yes","to be checked","to be checked","(loan)","NA","mezq1235","Mezquital Otomi","BlightEunice1976","ote_SPA1979_phon.pdf","Steven Moran","NA",97,"NA","otom1299","nort3201","Mezquital Otomi","False","language","safe",20.2274,-99.5564,"ote",NA,NA,0,0,0,"MX US","mezq1235","ote","North America"
162,"nama1265","l","unknown","yes","to be checked","to be checked","(loan)","NA","nama1265","Nama","Beach1938","naq_SPA1979_phon.pdf","Steven Moran","NA",155,"NA","khoe1240","nama1264","Nama","False","dialect","safe",NA,NA,"",NA,NA,0,0,0,"","nama1265","","Africa"
162,"nama1265","c","unknown","unknown","to be checked","to be checked","(loan,allo)","NA","nama1265","Nama","Beach1938","naq_SPA1979_phon.pdf","Steven Moran","NA",155,"NA","khoe1240","nama1264","Nama","False","dialect","safe",NA,NA,"",NA,NA,0,0,0,"","nama1265","","Africa"
162,"nama1265","f","unknown","yes","to be checked","to be checked","(loan)","NA","nama1265","Nama","Beach1938","naq_SPA1979_phon.pdf","Steven Moran","NA",155,"NA","khoe1240","nama1264","Nama","False","dialect","safe",NA,NA,"",NA,NA,0,0,0,"","nama1265","","Africa"
163,"nava1243","xʷ","unknown","unknown","to be checked","to be checked","(loan,allo,free)","NA","nava1243","Navajo","SapirHoijer1967","nav_SPA1979_phon.pdf","Steven Moran","NA",66,"NA","atha1245","west2810","Navajo","False","language","safe",36.2106,-110.082,"nav",NA,NA,0,0,0,"US","nava1243","nav","North America"
169,"nort2697","k","unknown","yes","to be checked","to be checked","(loan)","NA","nort2697","North Azerbaijani","HouseholderLofti1965","aze_SPA1979_phon.pdf","Steven Moran","NA",187,"NA","turk1311","mode1262","North Azerbaijani","False","language","safe",40.9777,46.4737,"azj",NA,NA,0,0,20,"AM AZ GE IR RU TR","nort2697","azj","Eurasia"
169,"nort2697","f","unknown","yes","to be checked","to be checked","(loan)","NA","nort2697","North Azerbaijani","HouseholderLofti1965","aze_SPA1979_phon.pdf","Steven Moran","NA",187,"NA","turk1311","mode1262","North Azerbaijani","False","language","safe",40.9777,46.4737,"azj",NA,NA,0,0,20,"AM AZ GE IR RU TR","nort2697","azj","Eurasia"
173,"nuuc1236","qʼ","unknown","unknown","to be checked","to be checked","(loan,limited)","NA","nuuc1236","Nuu-chah-nulth","SapirMorris1939,SapirMorris1955,Jacobsen1969","noo_SPA1979_phon.pdf","Steven Moran","NA",70,"NA","waka1280","noot1238","Nuu-chah-nulth","False","language","critically endangered",49.67,-126.67,"nuk",NA,NA,0,0,0,"US","nuuc1236","nuk","North America"
173,"nuuc1236","qʷʼ","unknown","unknown","to be checked","to be checked","(loan,limited)","NA","nuuc1236","Nuu-chah-nulth","SapirMorris1939,SapirMorris1955,Jacobsen1969","noo_SPA1979_phon.pdf","Steven Moran","NA",70,"NA","waka1280","noot1238","Nuu-chah-nulth","False","language","critically endangered",49.67,-126.67,"nuk",NA,NA,0,0,0,"US","nuuc1236","nuk","North America"
173,"nuuc1236","χ","unknown","unknown","to be checked","to be checked","(loan,limited)","NA","nuuc1236","Nuu-chah-nulth","SapirMorris1939,SapirMorris1955,Jacobsen1969","noo_SPA1979_phon.pdf","Steven Moran","NA",70,"NA","waka1280","noot1238","Nuu-chah-nulth","False","language","critically endangered",49.67,-126.67,"nuk",NA,NA,0,0,0,"US","nuuc1236","nuk","North America"
173,"nuuc1236","χʷ","unknown","unknown","to be checked","to be checked","(loan,limited)","NA","nuuc1236","Nuu-chah-nulth","SapirMorris1939,SapirMorris1955,Jacobsen1969","noo_SPA1979_phon.pdf","Steven Moran","NA",70,"NA","waka1280","noot1238","Nuu-chah-nulth","False","language","critically endangered",49.67,-126.67,"nuk",NA,NA,0,0,0,"US","nuuc1236","nuk","North America"
173,"nuuc1236","ɔ","unknown","unknown","to be checked","to be checked","(limited,loan)","NA","nuuc1236","Nuu-chah-nulth","SapirMorris1939,SapirMorris1955,Jacobsen1969","noo_SPA1979_phon.pdf","Steven Moran","NA",70,"NA","waka1280","noot1238","Nuu-chah-nulth","False","language","critically endangered",49.67,-126.67,"nuk",NA,NA,0,0,0,"US","nuuc1236","nuk","North America"
173,"nuuc1236","ɔː","unknown","unknown","to be checked","to be checked","(limited,loan)","NA","nuuc1236","Nuu-chah-nulth","SapirMorris1939,SapirMorris1955,Jacobsen1969","noo_SPA1979_phon.pdf","Steven Moran","NA",70,"NA","waka1280","noot1238","Nuu-chah-nulth","False","language","critically endangered",49.67,-126.67,"nuk",NA,NA,0,0,0,"US","nuuc1236","nuk","North America"
179,"paez1247","ɾ","unknown","yes","to be checked","to be checked","(loan)","NA","paez1247","Páez","gerdel1973paez","NA","Steven Moran","NA",102,"NA","","","Páez","False","language","vulnerable",2.61516,-76.3125,"pbb",NA,NA,0,0,2,"CO","paez1247","pbb","South America"
181,"para1311","t̠ʃ","unknown","yes","to be checked","to be checked","(loan)","NA","para1311","Paraguayan Guaraní","GregoresSuarez1967,Lunt1973,Uldall1956","gug_SPA1979_phon.pdf","Steven Moran","NA",119,"NA","tupi1275","para1319","Paraguayan Guaraní","False","language","safe",-25.60551,-57.08816,"gug",NA,NA,0,0,1,"AR PY","para1311","gug","South America"
181,"para1311","f","unknown","yes","to be checked","to be checked","(loan)","NA","para1311","Paraguayan Guaraní","GregoresSuarez1967,Lunt1973,Uldall1956","gug_SPA1979_phon.pdf","Steven Moran","NA",119,"NA","tupi1275","para1319","Paraguayan Guaraní","False","language","safe",-25.60551,-57.08816,"gug",NA,NA,0,0,1,"AR PY","para1311","gug","South America"
181,"para1311","ð","unknown","yes","to be checked","to be checked","(loan)","NA","para1311","Paraguayan Guaraní","GregoresSuarez1967,Lunt1973,Uldall1956","gug_SPA1979_phon.pdf","Steven Moran","NA",119,"NA","tupi1275","para1319","Paraguayan Guaraní","False","language","safe",-25.60551,-57.08816,"gug",NA,NA,0,0,1,"AR PY","para1311","gug","South America"
181,"para1311","xʷ","unknown","yes","to be checked","to be checked","(loan)","NA","para1311","Paraguayan Guaraní","GregoresSuarez1967,Lunt1973,Uldall1956","gug_SPA1979_phon.pdf","Steven Moran","NA",119,"NA","tupi1275","para1319","Paraguayan Guaraní","False","language","safe",-25.60551,-57.08816,"gug",NA,NA,0,0,1,"AR PY","para1311","gug","South America"
181,"para1311","l","unknown","yes","to be checked","to be checked","(loan)","NA","para1311","Paraguayan Guaraní","GregoresSuarez1967,Lunt1973,Uldall1956","gug_SPA1979_phon.pdf","Steven Moran","NA",119,"NA","tupi1275","para1319","Paraguayan Guaraní","False","language","safe",-25.60551,-57.08816,"gug",NA,NA,0,0,1,"AR PY","para1311","gug","South America"
181,"para1311","ʎ","unknown","yes","to be checked","to be checked","(loan)","NA","para1311","Paraguayan Guaraní","GregoresSuarez1967,Lunt1973,Uldall1956","gug_SPA1979_phon.pdf","Steven Moran","NA",119,"NA","tupi1275","para1319","Paraguayan Guaraní","False","language","safe",-25.60551,-57.08816,"gug",NA,NA,0,0,1,"AR PY","para1311","gug","South America"
181,"para1311","r","unknown","yes","to be checked","to be checked","(loan)","NA","para1311","Paraguayan Guaraní","GregoresSuarez1967,Lunt1973,Uldall1956","gug_SPA1979_phon.pdf","Steven Moran","NA",119,"NA","tupi1275","para1319","Paraguayan Guaraní","False","language","safe",-25.60551,-57.08816,"gug",NA,NA,0,0,1,"AR PY","para1311","gug","South America"
181,"para1311","ɣʷ","unknown","yes","to be checked","to be checked","(loan)","NA","para1311","Paraguayan Guaraní","GregoresSuarez1967,Lunt1973,Uldall1956","gug_SPA1979_phon.pdf","Steven Moran","NA",119,"NA","tupi1275","para1319","Paraguayan Guaraní","False","language","safe",-25.60551,-57.08816,"gug",NA,NA,0,0,1,"AR PY","para1311","gug","South America"
184,"pure1242","b","unknown","yes","to be checked","to be checked","(loan)","NA","pure1242","Purepecha","Foster1969","tsz_SPA1979_phon.pdf","Steven Moran","NA",87,"NA","tara1323","tara1323","Purepecha","False","language","definitely endangered",19.2467,-101.631,"tsz",NA,NA,0,0,0,"MX US","pure1242","tsz","North America"
184,"pure1242","d","unknown","yes","to be checked","to be checked","(loan)","NA","pure1242","Purepecha","Foster1969","tsz_SPA1979_phon.pdf","Steven Moran","NA",87,"NA","tara1323","tara1323","Purepecha","False","language","definitely endangered",19.2467,-101.631,"tsz",NA,NA,0,0,0,"MX US","pure1242","tsz","North America"
184,"pure1242","ɡ","unknown","yes","to be checked","to be checked","(loan)","NA","pure1242","Purepecha","Foster1969","tsz_SPA1979_phon.pdf","Steven Moran","NA",87,"NA","tara1323","tara1323","Purepecha","False","language","definitely endangered",19.2467,-101.631,"tsz",NA,NA,0,0,0,"MX US","pure1242","tsz","North America"
184,"pure1242","f","unknown","yes","to be checked","to be checked","(loan)","NA","pure1242","Purepecha","Foster1969","tsz_SPA1979_phon.pdf","Steven Moran","NA",87,"NA","tara1323","tara1323","Purepecha","False","language","definitely endangered",19.2467,-101.631,"tsz",NA,NA,0,0,0,"MX US","pure1242","tsz","North America"
184,"pure1242","ɲ","unknown","yes","to be checked","to be checked","(loan)","NA","pure1242","Purepecha","Foster1969","tsz_SPA1979_phon.pdf","Steven Moran","NA",87,"NA","tara1323","tara1323","Purepecha","False","language","definitely endangered",19.2467,-101.631,"tsz",NA,NA,0,0,0,"MX US","pure1242","tsz","North America"
184,"pure1242","l","unknown","yes","to be checked","to be checked","(loan)","NA","pure1242","Purepecha","Foster1969","tsz_SPA1979_phon.pdf","Steven Moran","NA",87,"NA","tara1323","tara1323","Purepecha","False","language","definitely endangered",19.2467,-101.631,"tsz",NA,NA,0,0,0,"MX US","pure1242","tsz","North America"
189,"saba1265","ɡ","unknown","yes","to be checked","to be checked","(loan)","NA","saba1265","Sa'ban","Clayre1973","snv_SPA1979_phon.pdf","Steven Moran","NA",34,"NA","aust1307","kela1260","Sa'ban","False","language","vulnerable",3.58723,115.664,"snv",NA,NA,0,0,0,"ID MY","saba1265","snv","Papunesia"
191,"yaku1245","p","unknown","unknown","to be checked","to be checked","(limited,loan)","NA","yaku1245","Sakha","Krueger1962,Bohtlingk1964","sah_SPA1979_phon.pdf","Steven Moran","NA",190,"NA","turk1311","nort2688","Sakha","False","language","vulnerable",61.6974,133.98,"sah",NA,NA,0,0,0,"RU","yaku1245","sah","Eurasia"
191,"yaku1245","f","unknown","yes","to be checked","to be checked","(loan)","NA","yaku1245","Sakha","Krueger1962,Bohtlingk1964","sah_SPA1979_phon.pdf","Steven Moran","NA",190,"NA","turk1311","nort2688","Sakha","False","language","vulnerable",61.6974,133.98,"sah",NA,NA,0,0,0,"RU","yaku1245","sah","Eurasia"
191,"yaku1245","v","unknown","yes","to be checked","to be checked","(loan)","NA","yaku1245","Sakha","Krueger1962,Bohtlingk1964","sah_SPA1979_phon.pdf","Steven Moran","NA",190,"NA","turk1311","nort2688","Sakha","False","language","vulnerable",61.6974,133.98,"sah",NA,NA,0,0,0,"RU","yaku1245","sah","Eurasia"
191,"yaku1245","z","unknown","yes","to be checked","to be checked","(loan)","NA","yaku1245","Sakha","Krueger1962,Bohtlingk1964","sah_SPA1979_phon.pdf","Steven Moran","NA",190,"NA","turk1311","nort2688","Sakha","False","language","vulnerable",61.6974,133.98,"sah",NA,NA,0,0,0,"RU","yaku1245","sah","Eurasia"
191,"yaku1245","ʃ","unknown","unknown","to be checked","to be checked","(loan,limited)","NA","yaku1245","Sakha","Krueger1962,Bohtlingk1964","sah_SPA1979_phon.pdf","Steven Moran","NA",190,"NA","turk1311","nort2688","Sakha","False","language","vulnerable",61.6974,133.98,"sah",NA,NA,0,0,0,"RU","yaku1245","sah","Eurasia"
191,"yaku1245","ʒ","unknown","yes","to be checked","to be checked","(loan)","NA","yaku1245","Sakha","Krueger1962,Bohtlingk1964","sah_SPA1979_phon.pdf","Steven Moran","NA",190,"NA","turk1311","nort2688","Sakha","False","language","vulnerable",61.6974,133.98,"sah",NA,NA,0,0,0,"RU","yaku1245","sah","Eurasia"
201,"sinh1246","ɸ","unknown","unknown","to be checked","to be checked","(loan,allo)","NA","sinh1246","Sinhala","CoatesSilva1960","sin_SPA1979_phon.pdf","Steven Moran","NA",178,"NA","indo1319","sinh1247","Sinhala","False","language","safe",8,81,"sin",NA,NA,0,0,1,"LK","sinh1246","sin","Eurasia"
201,"sinh1246","ʃ","unknown","yes","to be checked","to be checked","(loan)","NA","sinh1246","Sinhala","CoatesSilva1960","sin_SPA1979_phon.pdf","Steven Moran","NA",178,"NA","indo1319","sinh1247","Sinhala","False","language","safe",8,81,"sin",NA,NA,0,0,1,"LK","sinh1246","sin","Eurasia"
201,"sinh1246","ɲ","unknown","yes","to be checked","to be checked","(loan)","NA","sinh1246","Sinhala","CoatesSilva1960","sin_SPA1979_phon.pdf","Steven Moran","NA",178,"NA","indo1319","sinh1247","Sinhala","False","language","safe",8,81,"sin",NA,NA,0,0,1,"LK","sinh1246","sin","Eurasia"
201,"sinh1246","ɲː","unknown","unknown","to be checked","to be checked","(loan,limited)","NA","sinh1246","Sinhala","CoatesSilva1960","sin_SPA1979_phon.pdf","Steven Moran","NA",178,"NA","indo1319","sinh1247","Sinhala","False","language","safe",8,81,"sin",NA,NA,0,0,1,"LK","sinh1246","sin","Eurasia"
201,"sinh1246","ə","unknown","yes","to be checked","to be checked","(loan)","NA","sinh1246","Sinhala","CoatesSilva1960","sin_SPA1979_phon.pdf","Steven Moran","NA",178,"NA","indo1319","sinh1247","Sinhala","False","language","safe",8,81,"sin",NA,NA,0,0,1,"LK","sinh1246","sin","Eurasia"
201,"sinh1246","əː","unknown","yes","to be checked","to be checked","(loan)","NA","sinh1246","Sinhala","CoatesSilva1960","sin_SPA1979_phon.pdf","Steven Moran","NA",178,"NA","indo1319","sinh1247","Sinhala","False","language","safe",8,81,"sin",NA,NA,0,0,1,"LK","sinh1246","sin","Eurasia"
209,"sout2991","ɸ","stan1288","yes","to be checked","to be checked","(loan)","NA","sout2991","South Bolivian Quechua","Bills_etal1969,Lastra1968,Lastra1968,Parker1969","quh_SPA1979_phon.pdf","Steven Moran","NA",104,"NA","quec1387","boli1262","South Bolivian Quechua","False","language","safe",-20.9201,-66.3331,"quh",NA,NA,0,0,6,"AR BO CL","sout2991","quh","South America"
209,"sout2991","β","stan1288","yes","to be checked","to be checked","(loan)","NA","sout2991","South Bolivian Quechua","Bills_etal1969,Lastra1968,Lastra1968,Parker1969","quh_SPA1979_phon.pdf","Steven Moran","NA",104,"NA","quec1387","boli1262","South Bolivian Quechua","False","language","safe",-20.9201,-66.3331,"quh",NA,NA,0,0,6,"AR BO CL","sout2991","quh","South America"
209,"sout2991","ð","stan1288","yes","to be checked","to be checked","(loan)","NA","sout2991","South Bolivian Quechua","Bills_etal1969,Lastra1968,Lastra1968,Parker1969","quh_SPA1979_phon.pdf","Steven Moran","NA",104,"NA","quec1387","boli1262","South Bolivian Quechua","False","language","safe",-20.9201,-66.3331,"quh",NA,NA,0,0,6,"AR BO CL","sout2991","quh","South America"
209,"sout2991","ʃ","stan1288","yes","to be checked","to be checked","(loan)","NA","sout2991","South Bolivian Quechua","Bills_etal1969,Lastra1968,Lastra1968,Parker1969","quh_SPA1979_phon.pdf","Steven Moran","NA",104,"NA","quec1387","boli1262","South Bolivian Quechua","False","language","safe",-20.9201,-66.3331,"quh",NA,NA,0,0,6,"AR BO CL","sout2991","quh","South America"
209,"sout2991","ɣ","stan1288","yes","to be checked","to be checked","(loan)","NA","sout2991","South Bolivian Quechua","Bills_etal1969,Lastra1968,Lastra1968,Parker1969","quh_SPA1979_phon.pdf","Steven Moran","NA",104,"NA","quec1387","boli1262","South Bolivian Quechua","False","language","safe",-20.9201,-66.3331,"quh",NA,NA,0,0,6,"AR BO CL","sout2991","quh","South America"
209,"sout2991","r","stan1288","yes","to be checked","to be checked","(loan)","NA","sout2991","South Bolivian Quechua","Bills_etal1969,Lastra1968,Lastra1968,Parker1969","quh_SPA1979_phon.pdf","Steven Moran","NA",104,"NA","quec1387","boli1262","South Bolivian Quechua","False","language","safe",-20.9201,-66.3331,"quh",NA,NA,0,0,6,"AR BO CL","sout2991","quh","South America"
209,"sout2991","ɛ","stan1288","unknown","to be checked","to be checked","(loan,allo)","NA","sout2991","South Bolivian Quechua","Bills_etal1969,Lastra1968,Lastra1968,Parker1969","quh_SPA1979_phon.pdf","Steven Moran","NA",104,"NA","quec1387","boli1262","South Bolivian Quechua","False","language","safe",-20.9201,-66.3331,"quh",NA,NA,0,0,6,"AR BO CL","sout2991","quh","South America"
209,"sout2991","ɔ","stan1288","unknown","to be checked","to be checked","(loan,allo)","NA","sout2991","South Bolivian Quechua","Bills_etal1969,Lastra1968,Lastra1968,Parker1969","quh_SPA1979_phon.pdf","Steven Moran","NA",104,"NA","quec1387","boli1262","South Bolivian Quechua","False","language","safe",-20.9201,-66.3331,"quh",NA,NA,0,0,6,"AR BO CL","sout2991","quh","South America"
210,"sout2982","ɾ","unknown","yes","to be checked","to be checked","(loan)","NA","sout2982","Southeastern Pomo","Moshinsky1974","pom_SPA1979_phon.pdf","Steven Moran","NA",89,"NA","pomo1273","pomo1273","Southeastern Pomo","False","language","extinct",38.9354,-122.599,"pom",NA,NA,0,0,0,"US","sout2982","pom","North America"
211,"sout2961","b","unknown","yes","to be checked","to be checked","(loan)","NA","sout2961","Southern Tiwa","Trager1971","tix_SPA1979_phon.pdf","Steven Moran","NA",92,"NA","kiow1265","tiwa1255","Southern Tiwa","False","language","definitely endangered",34.7873,-106.661,"tix",NA,NA,0,0,2,"US","sout2961","tix","North America"
211,"sout2961","d","unknown","yes","to be checked","to be checked","(loan)","NA","sout2961","Southern Tiwa","Trager1971","tix_SPA1979_phon.pdf","Steven Moran","NA",92,"NA","kiow1265","tiwa1255","Southern Tiwa","False","language","definitely endangered",34.7873,-106.661,"tix",NA,NA,0,0,2,"US","sout2961","tix","North America"
211,"sout2961","ɡ","unknown","yes","to be checked","to be checked","(loan)","NA","sout2961","Southern Tiwa","Trager1971","tix_SPA1979_phon.pdf","Steven Moran","NA",92,"NA","kiow1265","tiwa1255","Southern Tiwa","False","language","definitely endangered",34.7873,-106.661,"tix",NA,NA,0,0,2,"US","sout2961","tix","North America"
211,"sout2961","r","unknown","yes","to be checked","to be checked","(loan)","NA","sout2961","Southern Tiwa","Trager1971","tix_SPA1979_phon.pdf","Steven Moran","NA",92,"NA","kiow1265","tiwa1255","Southern Tiwa","False","language","definitely endangered",34.7873,-106.661,"tix",NA,NA,0,0,2,"US","sout2961","tix","North America"
214,"stan1306","f","unknown","yes","to be checked","to be checked","(loan)","NA","stan1306","Standard Malay","Verguin1967,MacdonaldSoenyono1967","zsm_SPA1979_phon.pdf","Steven Moran","NA",32,"NA","aust1307","indo1326","Standard Malay","False","language","safe",3.08896,101.699,"zsm",NA,NA,0,0,0,"BN MY SG","stan1306","zsm","Eurasia"
214,"stan1306","v","unknown","yes","to be checked","to be checked","(loan)","NA","stan1306","Standard Malay","Verguin1967,MacdonaldSoenyono1967","zsm_SPA1979_phon.pdf","Steven Moran","NA",32,"NA","aust1307","indo1326","Standard Malay","False","language","safe",3.08896,101.699,"zsm",NA,NA,0,0,0,"BN MY SG","stan1306","zsm","Eurasia"
214,"stan1306","z","unknown","yes","to be checked","to be checked","(loan)","NA","stan1306","Standard Malay","Verguin1967,MacdonaldSoenyono1967","zsm_SPA1979_phon.pdf","Steven Moran","NA",32,"NA","aust1307","indo1326","Standard Malay","False","language","safe",3.08896,101.699,"zsm",NA,NA,0,0,0,"BN MY SG","stan1306","zsm","Eurasia"
214,"stan1306","ʃ","unknown","yes","to be checked","to be checked","(loan)","NA","stan1306","Standard Malay","Verguin1967,MacdonaldSoenyono1967","zsm_SPA1979_phon.pdf","Steven Moran","NA",32,"NA","aust1307","indo1326","Standard Malay","False","language","safe",3.08896,101.699,"zsm",NA,NA,0,0,0,"BN MY SG","stan1306","zsm","Eurasia"
214,"stan1306","x","unknown","yes","to be checked","to be checked","(loan)","NA","stan1306","Standard Malay","Verguin1967,MacdonaldSoenyono1967","zsm_SPA1979_phon.pdf","Steven Moran","NA",32,"NA","aust1307","indo1326","Standard Malay","False","language","safe",3.08896,101.699,"zsm",NA,NA,0,0,0,"BN MY SG","stan1306","zsm","Eurasia"
220,"taba1266","ɡ","stan1288","unknown","to be checked","to be checked","(limited,loan) Source language: Spanish?","NA","taba1266","Tabasco Chontal","Keller1959","chf_SPA1979_phon.pdf","Steven Moran","NA",85,"NA","maya1287","chol1281","Tabasco Chontal","False","language","vulnerable",18.1713,-92.7367,"chf",NA,NA,0,0,3,"MX","taba1266","chf","North America"
220,"taba1266","f","stan1288","yes","to be checked","to be checked","(loan) Source language: Spanish?","NA","taba1266","Tabasco Chontal","Keller1959","chf_SPA1979_phon.pdf","Steven Moran","NA",85,"NA","maya1287","chol1281","Tabasco Chontal","False","language","vulnerable",18.1713,-92.7367,"chf",NA,NA,0,0,3,"MX","taba1266","chf","North America"
230,"tele1256","p","unknown","unknown","to be checked","to be checked","(loan,allo)","NA","tele1256","Telefol","Healey1964","tlf_SPA1979_phon.pdf","Steven Moran","NA",55,"NA","nucl1709","moun1253","Telefol","False","language","definitely endangered",-5.07444,141.731,"tlf",NA,NA,0,0,2,"PG","tele1256","tlf","Papunesia"
230,"tele1256","d","unknown","unknown","to be checked","to be checked","(allo,loan,restricted)","NA","tele1256","Telefol","Healey1964","tlf_SPA1979_phon.pdf","Steven Moran","NA",55,"NA","nucl1709","moun1253","Telefol","False","language","definitely endangered",-5.07444,141.731,"tlf",NA,NA,0,0,2,"PG","tele1256","tlf","Papunesia"
230,"tele1256","ɡ","unknown","unknown","to be checked","to be checked","(loan,surface)","NA","tele1256","Telefol","Healey1964","tlf_SPA1979_phon.pdf","Steven Moran","NA",55,"NA","nucl1709","moun1253","Telefol","False","language","definitely endangered",-5.07444,141.731,"tlf",NA,NA,0,0,2,"PG","tele1256","tlf","Papunesia"
233,"ticu1245","f","unknown","yes","to be checked","to be checked","(loan)","NA","ticu1245","Ticuna","Anderson1959,Anderson1962","tca_SPA1979_phon.pdf","Steven Moran","NA",115,"NA","ticu1244","ticu1244","Ticuna","False","language","vulnerable",-3.66289,-69.8723,"tca",NA,NA,0,0,0,"BR CO PE","ticu1245","tca","South America"
233,"ticu1245","s","unknown","yes","to be checked","to be checked","(loan)","NA","ticu1245","Ticuna","Anderson1959,Anderson1962","tca_SPA1979_phon.pdf","Steven Moran","NA",115,"NA","ticu1244","ticu1244","Ticuna","False","language","vulnerable",-3.66289,-69.8723,"tca",NA,NA,0,0,0,"BR CO PE","ticu1245","tca","South America"
233,"ticu1245","ɾ","unknown","unknown","to be checked","to be checked","(loan,allo) spaAllophoneDescription: [l]","NA","ticu1245","Ticuna","Anderson1959,Anderson1962","tca_SPA1979_phon.pdf","Steven Moran","NA",115,"NA","ticu1244","ticu1244","Ticuna","False","language","vulnerable",-3.66289,-69.8723,"tca",NA,NA,0,0,0,"BR CO PE","ticu1245","tca","South America"
241,"tuni1252","b","unknown","unknown","to be checked","to be checked","(limited,loan)","NA","tuni1252","Tunica","Haas1941","tun_SPA1979_phon.pdf","Steven Moran","NA",80,"NA","","","Tunica","False","language","extinct",30.9888,-92.5403,"tun",NA,NA,0,0,0,"US","tuni1252","tun","North America"
241,"tuni1252","d","unknown","unknown","to be checked","to be checked","(limited,loan)","NA","tuni1252","Tunica","Haas1941","tun_SPA1979_phon.pdf","Steven Moran","NA",80,"NA","","","Tunica","False","language","extinct",30.9888,-92.5403,"tun",NA,NA,0,0,0,"US","tuni1252","tun","North America"
241,"tuni1252","ɡ","unknown","unknown","to be checked","to be checked","(limited,loan)","NA","tuni1252","Tunica","Haas1941","tun_SPA1979_phon.pdf","Steven Moran","NA",80,"NA","","","Tunica","False","language","extinct",30.9888,-92.5403,"tun",NA,NA,0,0,0,"US","tuni1252","tun","North America"
247,"tzel1254","b","unknown","yes","to be checked","to be checked","(loan)","NA","tzel1254","Tzeltal","Kaufman1971","tzh_SPA1979_phon.pdf","Steven Moran","NA",86,"NA","maya1287","tzel1253","Tzeltal","False","language","safe",16.6384,-92.2786,"tzh",NA,NA,0,0,2,"MX","tzel1254","tzh","North America"
247,"tzel1254","d","unknown","yes","to be checked","to be checked","(loan)","NA","tzel1254","Tzeltal","Kaufman1971","tzh_SPA1979_phon.pdf","Steven Moran","NA",86,"NA","maya1287","tzel1253","Tzeltal","False","language","safe",16.6384,-92.2786,"tzh",NA,NA,0,0,2,"MX","tzel1254","tzh","North America"
247,"tzel1254","ɡ","unknown","yes","to be checked","to be checked","(loan)","NA","tzel1254","Tzeltal","Kaufman1971","tzh_SPA1979_phon.pdf","Steven Moran","NA",86,"NA","maya1287","tzel1253","Tzeltal","False","language","safe",16.6384,-92.2786,"tzh",NA,NA,0,0,2,"MX","tzel1254","tzh","North America"
247,"tzel1254","f","unknown","yes","to be checked","to be checked","(loan)","NA","tzel1254","Tzeltal","Kaufman1971","tzh_SPA1979_phon.pdf","Steven Moran","NA",86,"NA","maya1287","tzel1253","Tzeltal","False","language","safe",16.6384,-92.2786,"tzh",NA,NA,0,0,2,"MX","tzel1254","tzh","North America"
247,"tzel1254","r","unknown","yes","to be checked","to be checked","(loan)","NA","tzel1254","Tzeltal","Kaufman1971","tzh_SPA1979_phon.pdf","Steven Moran","NA",86,"NA","maya1287","tzel1253","Tzeltal","False","language","safe",16.6384,-92.2786,"tzh",NA,NA,0,0,2,"MX","tzel1254","tzh","North America"
256,"waim1255","s","unknown","unknown","unknown","to be checked","(limited,loan)","NA","waim1255","Waimaha","StolteStolte1971","mlt_SPA1979_phon.pdf","Steven Moran","NA",114,"NA","tuca1253","bara1401","Waimaha","False","language","definitely endangered",0.30416,-70.1644,"bao",NA,NA,0,0,2,"BR CO","waim1255","bao","South America"
268,"chuv1255","d","unknown","yes","to be checked","to be checked","(loan)","NA","chuv1255","Chuvash","Kruger1961,Andreev1966","chv_SPA1979_phon.pdf","Steven Moran","NA",189,"NA","turk1311","bolg1249","Chuvash","False","language","vulnerable",55.487,47.163,"chv",NA,NA,0,0,2,"EE KZ RU","chuv1255","chv","Eurasia"
268,"chuv1255","ʒ","unknown","yes","to be checked","to be checked","(loan)","NA","chuv1255","Chuvash","Kruger1961,Andreev1966","chv_SPA1979_phon.pdf","Steven Moran","NA",189,"NA","turk1311","bolg1249","Chuvash","False","language","vulnerable",55.487,47.163,"chv",NA,NA,0,0,2,"EE KZ RU","chuv1255","chv","Eurasia"
268,"chuv1255","o̞","unknown","yes","to be checked","to be checked","(loan)","NA","chuv1255","Chuvash","Kruger1961,Andreev1966","chv_SPA1979_phon.pdf","Steven Moran","NA",189,"NA","turk1311","bolg1249","Chuvash","False","language","vulnerable",55.487,47.163,"chv",NA,NA,0,0,2,"EE KZ RU","chuv1255","chv","Eurasia"
269,"ewee1241","pʰ","unknown","unknown","to be checked","to be checked","(loan,limited)","NA","ewee1241","Ewe","Stahlke1970,Berry1951,Ansre1961,Ladefoged1964","ewe_SPA1979_phon.pdf","Steven Moran","NA",142,"NA","atla1278","west2802","Ewe","False","language","safe",6.46061,0.814975,"ewe",NA,NA,0,0,14,"GH TG","ewee1241","ewe","Africa"
270,"finn1318","d","unknown","unknown","to be checked","to be checked","(loan,surface)","NA","finn1318","Finnish","Lehtinen1964,Harms1964,Austerlitz1967,Hammarberg1974,Kiparsky1968,Harms1966","fin_SPA1979_phon.pdf","Steven Moran","NA",180,"NA","ural1272","nucl1717","Finnish","False","language","safe",64.7628,25.5577,"fin",NA,NA,0,0,7,"EE FI NO RU SE","finn1318","fin","Eurasia"
271,"nucl1643","p","unknown","unknown","to be checked","to be checked","(allo,limited,loan)","NA","nucl1643","Japanese","Bloch1950,Martin1952,Jorden1963","jpn_SPA1979_phon.pdf","Steven Moran","NA",197,"NA","japo1237","japa1258","Japanese","False","language","safe",35,135,"jpn",NA,NA,0,0,125,"JP","nucl1643","jpn","Eurasia"
272,"halh1238","kʰ","unknown","yes","to be checked","to be checked","(loan)","NA","halh1238","Halh Mongolian","Hangin1968,Luvsanvandan1964,Street1963","khk_SPA1979_phon.pdf","Steven Moran","NA",191,"NA","mong1329","mong1331","Halh Mongolian","False","language","definitely endangered",48.324,106.289,"khk",NA,NA,0,0,5,"MN RU","halh1238","khk","Eurasia"
272,"halh1238","ɸ","unknown","unknown","to be checked","to be checked","(allo,loan)","NA","halh1238","Halh Mongolian","Hangin1968,Luvsanvandan1964,Street1963","khk_SPA1979_phon.pdf","Steven Moran","NA",191,"NA","mong1329","mong1331","Halh Mongolian","False","language","definitely endangered",48.324,106.289,"khk",NA,NA,0,0,5,"MN RU","halh1238","khk","Eurasia"
272,"halh1238","β","unknown","unknown","to be checked","to be checked","(allo,loan)","NA","halh1238","Halh Mongolian","Hangin1968,Luvsanvandan1964,Street1963","khk_SPA1979_phon.pdf","Steven Moran","NA",191,"NA","mong1329","mong1331","Halh Mongolian","False","language","definitely endangered",48.324,106.289,"khk",NA,NA,0,0,5,"MN RU","halh1238","khk","Eurasia"
272,"halh1238","l̥","unknown","unknown","to be checked","to be checked","(allo,loan)","NA","halh1238","Halh Mongolian","Hangin1968,Luvsanvandan1964,Street1963","khk_SPA1979_phon.pdf","Steven Moran","NA",191,"NA","mong1329","mong1331","Halh Mongolian","False","language","definitely endangered",48.324,106.289,"khk",NA,NA,0,0,5,"MN RU","halh1238","khk","Eurasia"
273,"hind1269","q","unknown","yes","to be checked","to be checked","(loan)","NA","hind1269","Hindi","Kelkar1968,VermeerSharma1966,Pinnow1953,Srivastava1969","hin_SPA1979_phon.pdf","Steven Moran","NA",176,"NA","indo1319","hind1270","Hindi","False","language","safe",25,77,"hin",NA,NA,0,0,4,"BD BT IN NP","hind1269","hin","Eurasia"
273,"hind1269","qː","unknown","yes","to be checked","to be checked","(loan)","NA","hind1269","Hindi","Kelkar1968,VermeerSharma1966,Pinnow1953,Srivastava1969","hin_SPA1979_phon.pdf","Steven Moran","NA",176,"NA","indo1319","hind1270","Hindi","False","language","safe",25,77,"hin",NA,NA,0,0,4,"BD BT IN NP","hind1269","hin","Eurasia"
273,"hind1269","f","fars1254","yes","to be checked","to be checked","(loan)","NA","hind1269","Hindi","Kelkar1968,VermeerSharma1966,Pinnow1953,Srivastava1969","hin_SPA1979_phon.pdf","Steven Moran","NA",176,"NA","indo1319","hind1270","Hindi","False","language","safe",25,77,"hin",NA,NA,0,0,4,"BD BT IN NP","hind1269","hin","Eurasia"
273,"hind1269","fː","unknown","yes","to be checked","to be checked","(loan)","NA","hind1269","Hindi","Kelkar1968,VermeerSharma1966,Pinnow1953,Srivastava1969","hin_SPA1979_phon.pdf","Steven Moran","NA",176,"NA","indo1319","hind1270","Hindi","False","language","safe",25,77,"hin",NA,NA,0,0,4,"BD BT IN NP","hind1269","hin","Eurasia"
273,"hind1269","z","fars1254","yes","to be checked","to be checked","(loan)","NA","hind1269","Hindi","Kelkar1968,VermeerSharma1966,Pinnow1953,Srivastava1969","hin_SPA1979_phon.pdf","Steven Moran","NA",176,"NA","indo1319","hind1270","Hindi","False","language","safe",25,77,"hin",NA,NA,0,0,4,"BD BT IN NP","hind1269","hin","Eurasia"
273,"hind1269","zː","unknown","yes","to be checked","to be checked","(loan)","NA","hind1269","Hindi","Kelkar1968,VermeerSharma1966,Pinnow1953,Srivastava1969","hin_SPA1979_phon.pdf","Steven Moran","NA",176,"NA","indo1319","hind1270","Hindi","False","language","safe",25,77,"hin",NA,NA,0,0,4,"BD BT IN NP","hind1269","hin","Eurasia"
273,"hind1269","ʂ","unknown","yes","to be checked","to be checked","(loan)","NA","hind1269","Hindi","Kelkar1968,VermeerSharma1966,Pinnow1953,Srivastava1969","hin_SPA1979_phon.pdf","Steven Moran","NA",176,"NA","indo1319","hind1270","Hindi","False","language","safe",25,77,"hin",NA,NA,0,0,4,"BD BT IN NP","hind1269","hin","Eurasia"
273,"hind1269","ʃː","unknown","yes","to be checked","to be checked","(loan)","NA","hind1269","Hindi","Kelkar1968,VermeerSharma1966,Pinnow1953,Srivastava1969","hin_SPA1979_phon.pdf","Steven Moran","NA",176,"NA","indo1319","hind1270","Hindi","False","language","safe",25,77,"hin",NA,NA,0,0,4,"BD BT IN NP","hind1269","hin","Eurasia"
273,"hind1269","ʒ","unknown","yes","to be checked","to be checked","(loan)","NA","hind1269","Hindi","Kelkar1968,VermeerSharma1966,Pinnow1953,Srivastava1969","hin_SPA1979_phon.pdf","Steven Moran","NA",176,"NA","indo1319","hind1270","Hindi","False","language","safe",25,77,"hin",NA,NA,0,0,4,"BD BT IN NP","hind1269","hin","Eurasia"
273,"hind1269","χ","unknown","yes","to be checked","to be checked","(loan)","NA","hind1269","Hindi","Kelkar1968,VermeerSharma1966,Pinnow1953,Srivastava1969","hin_SPA1979_phon.pdf","Steven Moran","NA",176,"NA","indo1319","hind1270","Hindi","False","language","safe",25,77,"hin",NA,NA,0,0,4,"BD BT IN NP","hind1269","hin","Eurasia"
273,"hind1269","ʁ","unknown","yes","to be checked","to be checked","(loan)","NA","hind1269","Hindi","Kelkar1968,VermeerSharma1966,Pinnow1953,Srivastava1969","hin_SPA1979_phon.pdf","Steven Moran","NA",176,"NA","indo1319","hind1270","Hindi","False","language","safe",25,77,"hin",NA,NA,0,0,4,"BD BT IN NP","hind1269","hin","Eurasia"
273,"hind1269","ɽ̃","unknown","unknown","to be checked","to be checked","(allo,loan)","NA","hind1269","Hindi","Kelkar1968,VermeerSharma1966,Pinnow1953,Srivastava1969","hin_SPA1979_phon.pdf","Steven Moran","NA",176,"NA","indo1319","hind1270","Hindi","False","language","safe",25,77,"hin",NA,NA,0,0,4,"BD BT IN NP","hind1269","hin","Eurasia"
273,"hind1269","ʔ","unknown","yes","to be checked","to be checked","(loan)","NA","hind1269","Hindi","Kelkar1968,VermeerSharma1966,Pinnow1953,Srivastava1969","hin_SPA1979_phon.pdf","Steven Moran","NA",176,"NA","indo1319","hind1270","Hindi","False","language","safe",25,77,"hin",NA,NA,0,0,4,"BD BT IN NP","hind1269","hin","Eurasia"
273,"hind1269","ɪ̈","unknown","yes","to be checked","to be checked","(loan)","NA","hind1269","Hindi","Kelkar1968,VermeerSharma1966,Pinnow1953,Srivastava1969","hin_SPA1979_phon.pdf","Steven Moran","NA",176,"NA","indo1319","hind1270","Hindi","False","language","safe",25,77,"hin",NA,NA,0,0,4,"BD BT IN NP","hind1269","hin","Eurasia"
273,"hind1269","ɑ","unknown","yes","to be checked","to be checked","(loan)","NA","hind1269","Hindi","Kelkar1968,VermeerSharma1966,Pinnow1953,Srivastava1969","hin_SPA1979_phon.pdf","Steven Moran","NA",176,"NA","indo1319","hind1270","Hindi","False","language","safe",25,77,"hin",NA,NA,0,0,4,"BD BT IN NP","hind1269","hin","Eurasia"
274,"komi1268","v","unknown","yes","to be checked","to be checked","(loan)","NA","komi1268","Komi-Zyrian","Lytkin1966,Bubrich1949","kpv_SPA1979_phon.pdf","Steven Moran","NA",182,"NA","ural1272","komi1267","Komi-Zyrian","False","language","critically endangered",64.0527,54.946,"kpv",NA,NA,0,0,0,"RU","komi1268","kpv","Eurasia"
275,"lith1251","ts","unknown","yes","to be checked","to be checked","(loan)","NA","lith1251","Lithuanian","Senn1966,Augustitis1964,Ambrazas_etal1966","lit_SPA1979_phon.pdf","Steven Moran","NA",168,"NA","indo1319","east2280","Lithuanian","False","language","safe",55.1429,23.9601,"lit",NA,NA,0,0,9,"BY LT LV PL RU","lith1251","lit","Eurasia"
275,"lith1251","tsʲ","unknown","unknown","to be checked","to be checked","(loan,limited)","NA","lith1251","Lithuanian","Senn1966,Augustitis1964,Ambrazas_etal1966","lit_SPA1979_phon.pdf","Steven Moran","NA",168,"NA","indo1319","east2280","Lithuanian","False","language","safe",55.1429,23.9601,"lit",NA,NA,0,0,9,"BY LT LV PL RU","lith1251","lit","Eurasia"
276,"aleu1260","β","unknown","yes","to be checked","to be checked","(loan)","NA","aleu1260","Aleut","Bergsland1956,Bergsland1959,Menovshchikov1968,Jakobson1944","ale_SPA1979_phon.pdf","Steven Moran","NA",61,"NA","eski1264","eski1264","Aleut","False","language","definitely endangered",52.1228,-174.29,"ale",NA,NA,0,0,2,"RU US","aleu1260","ale","North America"
276,"aleu1260","r","unknown","yes","to be checked","to be checked","(loan)","NA","aleu1260","Aleut","Bergsland1956,Bergsland1959,Menovshchikov1968,Jakobson1944","ale_SPA1979_phon.pdf","Steven Moran","NA",61,"NA","eski1264","eski1264","Aleut","False","language","definitely endangered",52.1228,-174.29,"ale",NA,NA,0,0,2,"RU US","aleu1260","ale","North America"
278,"mapu1245","s","unknown","yes","to be checked","to be checked","(loan)","NA","mapu1245","Mapudungun","EcheverriaContreras1965","arn_SPA1979_phon.pdf","Steven Moran","NA",106,"NA","arau1255","arau1255","Mapudungun","False","language","definitely endangered",-38.7392,-71.277,"arn",NA,NA,0,0,3,"AR CL","mapu1245","arn","South America"
279,"sanm1295","r","stan1288","yes","to be checked","to be checked","(loan)","NA","sanm1295","San Miguel El Grande Mixtec","HunterPike1969","mig_SPA1979_phon.pdf","Steven Moran","NA",100,"NA","otom1299","west2824","San Miguel El Grande Mixtec","False","language","vulnerable",17.0777,-97.5432,"mig",NA,NA,0,0,4,"MX","sanm1295","mig","North America"
281,"hebr1245","ŋ","unknown","unknown","to be checked","to be checked","(allo,loan)","NA","hebr1245","Modern Hebrew","Chayen1973,CohenZafrani1968","heb_SPA1979_phon.pdf","Steven Moran","NA",135,"NA","afro1255","hebr1246","Modern Hebrew","False","language","safe",31.1056,35.0179,"heb",NA,NA,0,0,2,"IL JO LB PS SY","hebr1245","heb","Eurasia"
283,"taga1270","ɾ","unknown","unknown","to be checked","to be checked","(loan,surface)","NA","taga1270","Tagalog","SchachterOtanes1972,Bloomfield1917","tgl_SPA1979_phon.pdf","Steven Moran","NA",37,"NA","aust1307","taga1269","Tagalog","False","language","safe",14.06,121.747,"tgl",NA,NA,0,0,8,"PH","taga1270","tgl","Papunesia"
283,"taga1270","iː","unknown","unknown","to be checked","to be checked","(loan,surface)","NA","taga1270","Tagalog","SchachterOtanes1972,Bloomfield1917","tgl_SPA1979_phon.pdf","Steven Moran","NA",37,"NA","aust1307","taga1269","Tagalog","False","language","safe",14.06,121.747,"tgl",NA,NA,0,0,8,"PH","taga1270","tgl","Papunesia"
283,"taga1270","eː","unknown","unknown","to be checked","to be checked","(loan,surface)","NA","taga1270","Tagalog","SchachterOtanes1972,Bloomfield1917","tgl_SPA1979_phon.pdf","Steven Moran","NA",37,"NA","aust1307","taga1269","Tagalog","False","language","safe",14.06,121.747,"tgl",NA,NA,0,0,8,"PH","taga1270","tgl","Papunesia"
283,"taga1270","aː","unknown","unknown","to be checked","to be checked","(surface,loan)","NA","taga1270","Tagalog","SchachterOtanes1972,Bloomfield1917","tgl_SPA1979_phon.pdf","Steven Moran","NA",37,"NA","aust1307","taga1269","Tagalog","False","language","safe",14.06,121.747,"tgl",NA,NA,0,0,8,"PH","taga1270","tgl","Papunesia"
283,"taga1270","uː","unknown","unknown","to be checked","to be checked","(surface,loan)","NA","taga1270","Tagalog","SchachterOtanes1972,Bloomfield1917","tgl_SPA1979_phon.pdf","Steven Moran","NA",37,"NA","aust1307","taga1269","Tagalog","False","language","safe",14.06,121.747,"tgl",NA,NA,0,0,8,"PH","taga1270","tgl","Papunesia"
283,"taga1270","oː","unknown","unknown","to be checked","to be checked","(surface,loan)","NA","taga1270","Tagalog","SchachterOtanes1972,Bloomfield1917","tgl_SPA1979_phon.pdf","Steven Moran","NA",37,"NA","aust1307","taga1269","Tagalog","False","language","safe",14.06,121.747,"tgl",NA,NA,0,0,8,"PH","taga1270","tgl","Papunesia"
284,"nucl1301","cʰ","unknown","unknown","to be checked","to be checked","(loan,allo)","NA","nucl1301","Turkish","Swift1963,Lees1961,Underhill1976","tur_SPA1979_phon.pdf","Steven Moran","NA",186,"NA","turk1311","west2406","Turkish","False","language","safe",39.8667,32.8667,"tur",NA,NA,0,0,10,"AL AM AZ BG CY GE GR IQ IR MK SY TR","nucl1301","tur","Eurasia"
284,"nucl1301","ɟ","unknown","unknown","to be checked","to be checked","(loan,allo)","NA","nucl1301","Turkish","Swift1963,Lees1961,Underhill1976","tur_SPA1979_phon.pdf","Steven Moran","NA",186,"NA","turk1311","west2406","Turkish","False","language","safe",39.8667,32.8667,"tur",NA,NA,0,0,10,"AL AM AZ BG CY GE GR IQ IR MK SY TR","nucl1301","tur","Eurasia"
284,"nucl1301","ʎ","unknown","unknown","to be checked","to be checked","(loan,allo)","NA","nucl1301","Turkish","Swift1963,Lees1961,Underhill1976","tur_SPA1979_phon.pdf","Steven Moran","NA",186,"NA","turk1311","west2406","Turkish","False","language","safe",39.8667,32.8667,"tur",NA,NA,0,0,10,"AL AM AZ BG CY GE GR IQ IR MK SY TR","nucl1301","tur","Eurasia"
284,"nucl1301","ʔ","unknown","unknown","to be checked","to be checked","(loan,transitional)","NA","nucl1301","Turkish","Swift1963,Lees1961,Underhill1976","tur_SPA1979_phon.pdf","Steven Moran","NA",186,"NA","turk1311","west2406","Turkish","False","language","safe",39.8667,32.8667,"tur",NA,NA,0,0,10,"AL AM AZ BG CY GE GR IQ IR MK SY TR","nucl1301","tur","Eurasia"
305,"stan1290","ŋ","stan1293","yes","new phoneme","no","NA","NA","stan1290","French","Sten1963","fra_SPA1979_phon.pdf","Eitan Grossman","NA",162,"NA","indo1319","glob1239","French","False","language","safe",48,2,"fra",NA,NA,0,0,16,"AD BE CA CH FR GF IT LU MC PM US","stan1290","fra","Eurasia"
537,"moro1292","p","stan1290","unknown","new phoneme","no","NA","NA","moro1292","Moroccan Arabic","cohen2017moroccanarabic,Harrell1962,Abdel-Massih1973,Harrell1965","ary_SPA1979_phon.pdf","Dmitry Nikolaev","Unlike the SPA doculect with the same phonemes, this one lists the source language (Standard French).",133,"NA","afro1255","moro1295","Moroccan Arabic","False","language","safe",32.5,-7.5,"ary",NA,NA,0,0,7,"DZ EH MA","moro1292","ary","Africa"
537,"moro1292","v","stan1290","yes","new phoneme","no","NA","NA","moro1292","Moroccan Arabic","cohen2017moroccanarabic,Harrell1962,Abdel-Massih1973,Harrell1965","ary_SPA1979_phon.pdf","Dmitry Nikolaev","Unlike the SPA doculect with the same phonemes, this one lists the source language (Standard French).",133,"NA","afro1255","moro1295","Moroccan Arabic","False","language","safe",32.5,-7.5,"ary",NA,NA,0,0,7,"DZ EH MA","moro1292","ary","Africa"
