InventoryID,Glottocode,Dialect,LanguageName,BibTexKey,Filename,Contributor,MetadataComments,PhoibleID
1,abau1245,,Abau,bailey1975abau,,Einav Levanon,,
2,abui1241,,Abui,kratochvil2007abui,,Elad Eisen,,
3,abun1252,,Abun,berry1999abun,,Einav Levanon,,
4,achi1257,,Achinese,asyik1987achinese,,Einav Levanon,,
5,agua1253,,Aguaruna,overall2017aguaruna,,NA,,
6,musa1266,,Aisi,daniels2015sogeram,,Einav Levanon,,
7,akaj1239,,Aka-Jeru,abbi2013greatandamanese,,NA,,
8,aleu1260,,Aleut,bergsland1997aleut,,Elad Eisen,,
9,chal1275,alqo1238,Alqosh,coghill2004alqosh,,KurdistanDB,,
10,amap1240,,Ama (Papua New Guinea),aarsjo1999ama,,Einav Levanon,,
13,wara1294,,Anta-Komnzo-Wára-Wérè-Kémä,dohler2016komnzo,,Einav Levanon,,
14,lish1245,arbe1239,Arbel,khan1999arbel,,KurdistanDB,,
15,stan1288,riop1234,Argentinian Spanish,honsa1965argentinianspanish,honsa1965argentinianspanish,Elad Eisen,glottocode is for Standard Spanish,
16,asil1242,,Asilulu,collins2003asilulu,,Einav Levanon,,
17,awiy1238,,Awiyaana,Bees1965,auy_SPA1979_phon.pdf,Steven Moran,,57
18,bafu1246,,Bafut,tamanji2009bafut,,Elad Eisen,,
19,bamb1262,,Bambassi,ahland2009bambassi,,Eitan Grossman,,
20,bash1264,,Bashkir,poppe1964bashkir,,Dmitry Nikolaev,,
21,basq1248,,Basque,"Ndiaye1970,Gavel1929",eus_SPA1979_phon.pdf,Steven Moran,,179
22,assy1241,bazz1238,Baz,mutzafi2000maha_khtaya,,KurdistanDB,,
23,bela1254,,Belarusian,mayo1993belorussian,,Dmitry Nikolaev,,
24,beng1280,,Bengali,FergusonChowdhury1960,ben_SPA1979_phon.pdf,Steven Moran,,177
25,lish1247,beta1257,Bétanure,mutzafi2008betanure,,KurdistanDB,,
26,bett1235,,Betta Kurumba,coelho2003bettakurumba,,Dmitry Nikolaev,,
27,biak1248,,Biak,heuvel2006biak,,Elad Eisen,,
28,bier1244,,Bierebo,budd2010bierebo,,Einav Levanon,,
29,boht1238,,Bohtan Neo-Aramaic,fox2009bohtan,,KurdistanDB,,
30,bret1244,,Breton,Ternes1970,bre_SPA1979_phon.pdf,Steven Moran,,157
31,bulg1262,,Bulgarian,"Aronson1968,Klagstad1958",bul_SPA1979_phon.pdf,Steven Moran,,167
32,nucl1310,,Burmese,wheatley2003burmese,,Eitan Grossman,,
33,buru1296,,Burushaski,Morgenstierne1945,bsk_SPA1979_phon.pdf,Steven Moran,,6
34,cahu1264,,Cahuilla,seiler1977cahuilla,,David Ginebra,,
35,stan1288,cast1244,Castilian,"martinez2003castilian, frias2001spanish",,Dmitry Nikolaev,,
36,cent2142,,Central Aymara,hardman2001aymara,hardman2001aymara.pdf,NA,,
37,cent2050,,Central Kanuri,Lukas1937,knc_SPA1979_phon.pdf,Steven Moran,,150
38,nort2697,,Central Oghuz,schoenig1998azerbaijanian,,KurdistanDB,,
39,lish1247,,Challa Neo-Aramaic (Jewish NENA),fassberg2010challa,,KurdistanDB,,
40,cher1273,,Cherokee,montgomery2008cherokee,,Elad Eisen,,
41,halk1245,chil1281,Chiliwack,galloway1977chilliwack,,Eitan Grossman,,
42,chim1300,,Chimalapa Zoque,jimenez2014chimalapazoque,,Eitan Grossman,,
43,chiq1250,,Chiquihuitlán Mazatec,PikePike1947,maq_SPA1979_phon.pdf,Steven Moran,,99
44,chol1282,,Chol,vasquez2011chol,,Eitan Grossman,,
45,chol1284,,Cholón,adelaar2004cholon,,Eitan Grossman,,
47,chuv1255,,Chuvash,"clark1998chuvash, Kruger1961,Andreev1966",,Dmitry Nikolaev,,
48,coat1238,,Coatlán Mixe,elson1992mixezoque,,Eitan Grossman,,
49,coco1260,,Cocos Islands Malay,adelaar1996cocosmalay,,Einav Levanon,,
50,copa1236,,Copainalá Zoque,Wonderly1951,zoc_SPA1979_phon.pdf,Steven Moran,,83
51,copt1239,,Coptic,layton2011coptic,,Eitan Grossman,,
52,crow1244,,Crow,graczyk2007crow,,NA,,
54,cupe1243,,Cupeño,hill2005cupeno,,NA,,
55,daur1238,,Dagur,tsumagari2003dagur,,Eitan Grossman,,
56,dame1241,,Dameli,"bashir2007dardic, morgenstierne1942dameli",,Dmitry Nikolaev,,
57,diml1238,,Dimli,todd2003dimili,,KurdistanDB,,
58,dera1245,duka1248,Duka-Ekor,desousa2006menggwa,,Einav Levanon,,
59,dusn1237,,Dusner,dalrymple2012dusner,,Einav Levanon,,
60,east2440,,East Makian,bowden2001taba,,Einav Levanon,,
61,nucl1235,,Eastern Armenian,Allen1950,hye_SPA1979_phon.pdf,Steven Moran,,171
62,edol1239,east2495,Eastern Edolo,gossner1998easternedolo,,Einav Levanon,,
63,east2328,,Eastern Mari,Ristinen1960,mhr_SPA1979_phon.pdf,Steven Moran,,181
64,east2542,,Eastern Ojibwa,Bloomfield1957,ojg_SPA1979_phon.pdf,Steven Moran,,72
65,panj1256,,Eastern Panjabi,GillGleason1963,pan_SPA1979_phon.pdf,Steven Moran,,175
66,egyp1253,,Egyptian Arabic,"Mitchell1962,Tomiche1964,Kennedy1960",arz_SPA1979_phon.pdf,Steven Moran,,132
67,stan1293,,English,"OConner1973,Gimson1962,Halle1973,Fudge1975,Trnka1968",eng_SPA1979_phon.pdf,Steven Moran,,160
68,esto1258,,Estonian,"hebedova2013estonian, asu2009estonian",,Dmitry Nikolaev,,
69,even1260,,Even,Novikova1960,eve_SPA1979_phon.pdf,Steven Moran,,192
70,ewee1241,,Ewe,pasch1995ewe,,Elad Eisen,,
71,finn1318,,Finnish,hakulinen2004finnish,,Lotta Jalava,,
72,fore1274,,Forest Nenets,salminen2007forestnenets,,Lotta Jalava,,
74,gant1244,,Gants,daniels2015sogeram,,Einav Levanon,,
75,garo1247,,Garo,Burling1961,grt_SPA1979_phon.pdf,Steven Moran,,24
76,gura1251,gawh1238,Gawraju Gorani,stilo2004vafsi,,KurdistanDB,,
77,gayo1244,,Gayo,eades2005gayo,,NA,,
78,nucl1302,,Georgian,"RobinsWaterson1952,Selmer1935,Tschenkeli1958,Vogt1938,Vogt1939,Vogt1958,Vogt1971",kat_SPA1979_phon.pdf,Steven Moran,,5
79,stan1295,,German,wiese1996german,,Elad Eisen,,
80,gran1245,,Grangali,"bashir2007dardic, grjunberg1971grangali_zemiaki",,Dmitry Nikolaev,,
81,gras1249,,Grass Koiari,dutton2003koiari,,Einav Levanon,,
83,guer1243,,Guerrero Amuzgo,steward2000guerreroamuzgo,,Eitan Grossman,,
86,hert1241,hert1242,Hértevin Proper,jastrow1988hertevin,,KurdistanDB,,
87,karb1241,,Hills Karbi,konnerth2014karbi,,Linda Konnerth,,
89,hueh1236,,Huehuetla Tepehua,kung2007tepehua,,Eitan Grossman,,
90,hung1274,,Hungarian,"Kalman1972,Banhidi_etal1965,Hall1938,Hall1944",hun_SPA1979_phon.pdf,Steven Moran,,183
91,hupa1239,,Hupa,"Golla1970,Woodward1964",hup_SPA1979_phon.pdf,Steven Moran,,65
92,igna1246,,Ignaciano,OttOtt1967,ign_SPA1979_phon.pdf,Steven Moran,,111
93,iris1253,,Irish,"Fhailigh1968,Florence1970",gle_SPA1979_phon.pdf,Steven Moran,,156
94,itza1241,,Itzá,hofling2000itzajmaya,,Elad Eisen,,
95,jams1239,,Jamsay Dogon,heath2008jamsay,heath2008jamsay.pdf,Eitan Grossman,,
96,nucl1643,,Japanese,labrune2012japanese,,Elad Eisen,,
97,jauj1238,,Jauja Wanca Quechua,wroughton1996jaujaquechua,,Rammie Cahlon,,
98,assy1241,jilu1238,Jilu,fox1997jilu,,KurdistanDB,,
99,kaba1278,,Kabardian,Kuipers1960,kbd_SPA1979_phon.pdf,Steven Moran,,4
100,kaby1243,,Kabyle,kossmann2013kabyle,,Elad Eisen,,
101,kala1399,,Kalaallisut,fortescue1984kalallisuut,,Eitan Grossman,,
102,kala1373,kala1374,Kalam (Pakistan),"bashir2007dardic, baart1995kalam, baart1997kalam",,Dmitry Nikolaev,,
103,kaur1271,,Kaure-Narau,auri1991kaure,,Einav Levanon,,
104,kawa1283,,Kawaiisu,zigmond1990kawaiisu,,Eitan Grossman,,
105,kaza1248,,Kazakh,"kirchner1998kazakhkarakalpak, mccollum2018kazakh",,Chingduang Yurayong,,
106,khan1273,nort2672,Kazym Khanty,kaksin2007kazym_khanty,,Dmitry Nikolaev,,
107,khan1273,,Kazym-Berezover-Suryskarer Khanty,"Gulya1966,Steinitz1950,Katz1975",kca_SPA1979_phon.pdf,Steven Moran,,184
108,kend1254,,Kendayan,adelaar2005salako,,Einav Levanon,,
109,kham1281,,Khamnigan Mongol,janhunen2003khamniganmongol,,Eitan Grossman,,
110,sout2994,khit1238,Khithaulhu,lowe1999nambiquara,,Eitan Grossman,,
111,khva1239,,Khwarshi-Inkhoqwari,khalilova2009khwarshi,,NA,,
112,nort3142,,Anatolian Arabic,jastrow2006anatolianarabic,,KurdistanDB,,
113,kipu1237,,Kiput,blust2003short,,Einav Levanon,,
114,doro1266,koki1244,Koki,bradshaw2012koki,bradshaw2012koki,Einav Levanon,,
115,kome1238,,Komering,abdurrahman1979komering,,Einav Levanon,,
116,komi1269,,Komi-Permyak,majshev1940komi_permjak,,Dmitry Nikolaev,,
117,komi1277,,Komi-Yazva,lytkin1961komi_yazva,,Dmitry Nikolaev,,
118,komi1268,,Komi-Zyrian,lytkin1955komi,,Dmitry Nikolaev,,
119,kona1242,,Konai,aarsjo2016konai,,Einav Levanon,,
120,kora1294,kora1295,Korafe,farr1974korafe,,Einav Levanon,,
122,lish1245,koys1241,Koy Sanjaq Neo-Aramaic,mutzafi2004koysanjaq,,KurdistanDB,,
123,koyr1240,,Koyra Chiini Songhay,heath1999koyrachiini,,Eitan Grossman,,
125,culi1244,,Culina,dienst2014kulina,,Rammie Cahlon,,
126,kuru1302,,Kurukh,"Pinnow1964,Pfeiffer1972,Grignard1924",kru_SPA1979_phon.pdf,Steven Moran,,7
127,kute1249,,Kutenai,morgan1991kutenai,,Eitan Grossman,,
128,lahu1253,,Lahu,Matisoff1973,lhu_SPA1979_phon.pdf,Steven Moran,,23
129,lavu1241,,Lavukaleve,terrill2011lavukaleve,,Eitan Grossman,,
130,lith1251,,Lithuanian,balode2001lithuanian,,Dmitry Nikolaev,,
131,logb1245,,Logba,dorvlo2008logba,,NA,,
132,louu1245,,Lou,blust1998lou,,Einav Levanon,,
133,luok1236,,Luo (Kenya and Tanzania),Gregersen1961,luo_SPA1979_phon.pdf,Steven Moran,,153
134,nucl1460,,Madurese,davies2010madurese,,Einav Levanon,,
135,maka1316,maka1317,Makasai,correia2011makasae,,Einav Levanon,,
136,maka1316,makl1245,Maklere,huber2011makalero,,NA,,
137,mamm1241,,Mam,england1983mam,,NA,,
138,mamb1294,,Mambai,anonby2011mambay,,Elad Eisen,,
139,mana1298,,Manambu,aikhenvald2010manambu,,NA,,
140,payn1244,,Manat,daniels2015sogeram,,Einav Levanon,,
141,nucl1706,,Mandaic,haeberl2015neomandaic,,KurdistanDB,,
142,mang1381,,Mangarrayi,merlan1989mangarayi,,NA,,
143,mapu1245,,Mapudungun,adelaar2004andes,,Eitan Grossman,,
144,marg1265,,Marghi Central,Hoffmann1963,mrt_SPA1979_phon.pdf,Steven Moran,,126
145,mauw1238,,Mauwake,berghall2015mauwake,,Einav Levanon,,
146,maib1239,,Maybrat-Karon,dol2007maybrat,,Einav Levanon,,
147,mehe1243,,Mehek,hatfield2016mehek,,Einav Levanon,,
148,mezq1235,,Mezquital Otomi,BlightEunice1976,ote_SPA1979_phon.pdf,Steven Moran,,97
149,mian1256,,Mian,fedden2007mian,,Einav Levanon,,
150,miga1241,,Migabac,migabac2005mcevoy,,Einav Levanon,,
151,mlah1239,,Mlahsö,jastrow2011turoyomlahso,,KurdistanDB,,
152,hebr1245,,Modern Hebrew,schwarzwald2011modernhebrew,,Elad Eisen,,
153,mong1330,,Mongolia Buriat,skribnik2003buryat,,Eitan Grossman,,
154,halh1238,,Mongolian,svantesson2005mongolian,,Elad Eisen,,
156,mudu1242,,Muduapa,bachet2006muduapa,,Einav Levanon,,
157,munj1244,,Munji,williamson2017munji,,Dmitry Nikolaev,,
158,halk1245,musq1240,Musqueam,suttles2004musqueam,,NA,,
159,muss1246,,Mussau-Emira,brownie2007mussau,,Einav Levanon,,
160,sout2857,,Nahavaq,dimock2009nahavaq,,Einav Levanon,,
161,naka1262,,Nakanai,chowning2016nakanai,,Einav Levanon,,
162,nama1264,nama1265,Nama,Beach1938,naq_SPA1979_phon.pdf,Steven Moran,,155
163,nava1243,,Navajo,SapirHoijer1967,nav_SPA1979_phon.pdf,Steven Moran,,66
164,naxi1245,,Naxi,michailovsky2006naxi,,Dmitry Nikolaev,,
165,ngka1235,,Ngkontar Ngkolmpu,carroll2016ngkolmpu,,Einav Levanon,,
166,nhan1238,,Nhanda,blevins2001nhanda,,Eitan Grossman,,
167,nucl1633,,Nimboran,"may1997nimboran, anceaux2013nimboran",,Einav Levanon,,
168,noga1249,,Nogai,"csato1998noghay, baskakov1996noghay",,Dmitry Nikolaev,,
169,nort2697,,North Azerbaijani,HouseholderLofti1965,aze_SPA1979_phon.pdf,Steven Moran,,187
170,mans1258,,Northern Mansi,"rombandejeva1989mansi, rombandejeva1973mansi, zhornik2019mansi",,Daria Zhornik,,
172,bamb1262,,Northern Mao (Bambassi),ahland2012bambassi,,Eitan Grossman,,
173,nuuc1236,,Nuu-chah-nulth,"SapirMorris1939,SapirMorris1955,Jacobsen1969",noo_SPA1979_phon.pdf,Steven Moran,,70
174,ocot1243,,Ocotepec Mixtec,alexander1988ocotepecmixtec,,Eitan Grossman,,
175,copa1236,ocot1242,Ocotepec,faarlund2012chiapaszoque,,Eitan Grossman,,
176,kalm1243,,Oirad-Kalmyk,"blasing2003kalmyk, say2009kalmyk",,Dmitry Nikolaev,,
177,oira1263,,Oirata,faust2006oirata,,Einav Levanon,,
178,olut1240,,Oluta Popoluca,zavala2000olutec,,Eitan Grossman,,
179,paez1247,,Páez,gerdel1973paez,,Steven Moran,,102
180,paiw1248,,Paiwan,"ferrell1982paiwan, chang2006paiwan",,Eitan Grossman,,
181,para1311,,Paraguayan Guaraní,"GregoresSuarez1967,Lunt1973,Uldall1956",gug_SPA1979_phon.pdf,Steven Moran,,119
182,pina1252,,Pinai-Hagahai,melliger2003pinai,,Einav Levanon,,
183,pipi1250,,Pipil,campbell1985pipil,,Eitan Grossman,,
184,pure1242,,Purepecha,Foster1969,tsz_SPA1979_phon.pdf,Steven Moran,,87
185,chal1275,,Qaraqosh Neo-Aramaic (Christian NENA),khan2002qaraqosh,,KurdistanDB,,
186,quil1240,,Quileute,powell1976quileute,,Eitan Grossman,"originally 1974, check in pdfs?",
187,rama1270,,Rama,grinevald1990rama,,Eitan Grossman,,
188,rian1263,,Riantana,choi2015riantana,,Einav Levanon,,
189,saba1265,,Sa'ban,Clayre1973,snv_SPA1979_phon.pdf,Steven Moran,,34
190,saek1240,,Saek,gedney1993saek,,Chingduang Yurayong,,
191,yaku1245,,Sakha,"Krueger1962,Bohtlingk1964",sah_SPA1979_phon.pdf,Steven Moran,,190
192,sanm1295,,San Miguel El Grande Mixtec,macaulay1996chalcatongomixtec,,Elad Eisen,,
193,hula1244,sana1291,Sanandaj,khan2009sanandaj,,KurdistanDB,,
194,suii1243,sand1270,Sandong,wei2008sandong,,Elad Eisen,,
195,hula1244,saqi1238,Saqiz,israeli1998saqiz,,KurdistanDB,,
196,savo1255,,Savosavo,wegener2012savosavo,,Elad Eisen,,
197,sawe1240,,Saweru,donohue2002saweru,,Einav Levanon,,
198,nort3139,,Sedentary Hatay Arabic,werner2000hatay,,KurdistanDB,,
199,shix1238,,Shixing,chirkova2013xumi,,Dmitry Nikolaev,,
200,shor1247,,Shor,donidze1996shor,,Dmitry Nikolaev,,
201,sinh1246,,Sinhala,CoatesSilva1960,sin_SPA1979_phon.pdf,Steven Moran,,178
202,skol1241,,Skolt Saami,feist2010skolt_saami,,Dmitry Nikolaev,,
203,nucl1634,,Skou,donohue2004skou,,Einav Levanon,,
204,slav1254,,Slavomolisano,breu2000slavomolisano,,Dmitry Nikolaev,,
205,sooo1254,,Sô,migliazza1998so,,Dmitry Nikolaev,,
206,soch1239,,Sochiapam Chinantec,foris1993sochiapamchinantec,,NA,,
207,kist1241,sodd1242,Soddo,leslau1992soddo,,Elad Eisen,,
208,soma1255,,Somali,saeed1999somali,,Antti Laine,,
209,sout2991,,South Bolivian Quechua,"Bills_etal1969,Lastra1968,Lastra1968,Parker1969",quh_SPA1979_phon.pdf,Steven Moran,,104
210,sout2982,,Southeastern Pomo,Moshinsky1974,pom_SPA1979_phon.pdf,Steven Moran,,89
211,sout2961,,Southern Tiwa,Trager1971,tix_SPA1979_phon.pdf,Steven Moran,,92
212,sout2750,,Southern Yukaghir,maslova2003kolymayukaghir,,Elad Eisen,,
213,sril1245,,Sri Lanka Malay,nordhoff2009srilankamalay,,NA,,
214,stan1306,,Standard Malay,"Verguin1967,MacdonaldSoenyono1967",zsm_SPA1979_phon.pdf,Steven Moran,,32
215,suab1238,,Suabo,devries2004inanwatan,,Einav Levanon,,
216,hula1244,sule1243,Suleimaniya Neo-Aramaic,khan2004sulemaniyya,,KurdistanDB,,
217,sout2808,,Sumayela Ndebele,ndebele1959ziervogel,,Elad Eisen,,
218,sumi1235,,Sumi Naga,teo2012sumi,,Dmitry Nikolaev,,
220,taba1266,,Tabasco Chontal,Keller1959,chf_SPA1979_phon.pdf,Steven Moran,,85
221,sout2697,tabr1242,Tabriz,mokari2017azerbaijani,,Dmitry Nikolaev,,
222,tafi1243,,Tafi,bobuafor2013tafi,,Elad Eisen,,
223,taga1270,,Tagalog,schachter1983tagalog,,Elad Eisen,,
224,bunu1267,taki1251,Takivatan,debusser2009takivatan,,Einav Levanon,,
225,tapi1253,,Tapieté,gonzalez2005tapiete,,Rammie Cahlon,,
226,tari1256,,Tariana,aikhenvald2003tariana,,Elad Eisen,,
227,tata1255,,Tatar,comrie1997tatar,,Dmitry Nikolaev,,
228,taus1251,,Tausug,soderberg2012tausug,,Dmitry Nikolaev,,
229,tauy1241,,Tauya,macdonald2011tauya,,Elad Eisen,,
230,tele1256,,Telefol,Healey1964,tlf_SPA1979_phon.pdf,Steven Moran,,55
231,telu1262,,Telugu,"krishnamurti1985telugu, bhaskararao2017telugu",,Elad Eisen,,
232,thao1240,,Thao,blust2003thao,,Einav Levanon,,
233,ticu1245,,Ticuna,"Anderson1959,Anderson1962",tca_SPA1979_phon.pdf,Steven Moran,,115
234,kumi1248,,Tipai,miller1990jamultipai,,Eitan Grossman,,
235,tlac1235,,Tlachichilco Tepehua,watters1988tlachichilcotepehua,,Eitan Grossman,,
236,tond1251,,Tondano,brickell2014tondano,,Einav Levanon,,
237,toto1305,,Totontepec Mixe,elson1992mixezoque,,Eitan Grossman,,
238,jeme1245,,Towa,yumitani1998jemeztowa,,Eitan Grossman,,
239,tsha1245,,Tshangla,andvik2010tshangla,,Elad Eisen,,
241,tuni1252,,Tunica,Haas1941,tun_SPA1979_phon.pdf,Steven Moran,,80
242,turk1303,,Turkic Khalaj,doerfer1988khalaj,,Dmitry Nikolaev,,
243,nucl1301,,Turkish,kornfilt1997turkish,,Elad Eisen,,
244,turk1304,,Turkmen,hoey2013turkmen,,KurdistanDB,,
245,turo1239,,Turoyo,jastrow2011turoyomlahso,,KurdistanDB,,
246,tzut1248,,Tz'utujil,tzutujil1981dayley,,Eitan Grossman,,
247,tzel1254,,Tzeltal,Kaufman1971,tzh_SPA1979_phon.pdf,Steven Moran,,86
248,udmu1245,,Udmurt,perevoschikov1962udmurt,,Dmitry Nikolaev,,
249,ughe1237,,Ughele,frostad2013ughele,,NA,,
250,uigh1240,,Uighur,"hahn1998uyghur, hahn2006uyghur",,NA,,
251,ukra1253,,Ukrainian,shevelov1993ukrainian,,Chingduang Yurayong,,
252,hert1241,umra1238,Umraya,hobrack2000umraya,,KurdistanDB,,
253,urar1246,,Urarina,olawsky2006urarina,olawsky2006urarina.pdf,NA,,
254,nort2690,,Uzbek,boeschoten1998uzbek,,Dmitry Nikolaev,,
255,vafs1240,,Vafsi,stilo2004vafsi,,KurdistanDB,,
256,waim1255,,Waimaha,StolteStolte1971,mlt_SPA1979_phon.pdf,Steven Moran,,114
257,wano1243,,Wano,burung2007wano,,Einav Levanon,,
258,want1252,,Wantoat,dangepnana2012wantoat,,Einav Levanon,,
259,wara1302,,Warapu,corris2005warapu,,Einav Levanon,,
260,wels1247,,Welsh,awbery2012welsh,,Elad Eisen,,
261,west2548,,West Damar,chlenova2008westdamar,,Einav Levanon,,
262,west2392,,Western Mari,alhoniemi1993mari,,Daria Zhornik,,
263,moro1287,,Wita Ea,andersen1999witaea,,Einav Levanon,,
264,wutu1241,,Wutunhua,sandman2016wutun,,Heini Arjava,,
265,yane1238,,Yanesha',adelaar2007yanesha,adelaar2007yanesha.pdf,Eitan Grossman,,
266,yima1243,,Yimas,foley1991yimas,,Einav Levanon,,
267,gura1251,,Zarda Gorani,mahmoudveysi2013zardagorani,,KurdistanDB,,
268,chuv1255,,Chuvash,"Kruger1961,Andreev1966",chv_SPA1979_phon.pdf,Steven Moran,,189
269,ewee1241,,Ewe,"Stahlke1970,Berry1951,Ansre1961,Ladefoged1964",ewe_SPA1979_phon.pdf,Steven Moran,,142
270,finn1318,,Finnish,"Lehtinen1964,Harms1964,Austerlitz1967,Hammarberg1974,Kiparsky1968,Harms1966",fin_SPA1979_phon.pdf,Steven Moran,,180
271,nucl1643,,Japanese,"Bloch1950,Martin1952,Jorden1963",jpn_SPA1979_phon.pdf,Steven Moran,,197
272,halh1238,,Halh Mongolian,"Hangin1968,Luvsanvandan1964,Street1963",khk_SPA1979_phon.pdf,Steven Moran,,191
273,hind1269,,Hindi,"Kelkar1968,VermeerSharma1966,Pinnow1953,Srivastava1969",hin_SPA1979_phon.pdf,Steven Moran,,176
274,komi1268,,Komi-Zyrian,"Lytkin1966,Bubrich1949",kpv_SPA1979_phon.pdf,Steven Moran,,182
275,lith1251,,Lithuanian,"Senn1966,Augustitis1964,Ambrazas_etal1966",lit_SPA1979_phon.pdf,Steven Moran,,168
276,aleu1260,,Aleut,"Bergsland1956,Bergsland1959,Menovshchikov1968,Jakobson1944",ale_SPA1979_phon.pdf,Steven Moran,,61
277,mapu1245,,Mapudungun,smeets2008mapudungun,,Rammie Cahlon,,
278,mapu1245,,Mapudungun,EcheverriaContreras1965,arn_SPA1979_phon.pdf,Steven Moran,,106
279,sanm1295,,San Miguel El Grande Mixtec,HunterPike1969,mig_SPA1979_phon.pdf,Steven Moran,,100
281,hebr1245,,Modern Hebrew,"Chayen1973,CohenZafrani1968",heb_SPA1979_phon.pdf,Steven Moran,,135
283,taga1270,,Tagalog,"SchachterOtanes1972,Bloomfield1917",tgl_SPA1979_phon.pdf,Steven Moran,,37
284,nucl1301,,Turkish,"Swift1963,Lees1961,Underhill1976",tur_SPA1979_phon.pdf,Steven Moran,,186
285,assa1263,,Assamese,mahanta2012assamese,,Eitan Grossman,,
286,kwaz1243,,Kwaza,vandervoort2004kwaza,,Konstantin Filatov,,
287,slov1269,,Slovak,hanulikova2010slovak,,Vasilisa Zhigulskaya,,
289,high1276,,Highland Popoluca,dejong2009sierrapopoluca,,NA,,
290,sout2672,,Southeastern Pashayi,lamuwal2013southeastpashayi,,NA,,
291,wich1264,,Wichí Lhamtés Güisnay (Misón La Paz dialect),1984_Avram2008,1984_Avram2008.pdf,Ezequiel Koile,,1984
294,basq1248,,Goizueta Basque,hualde2010goizuetabasque,,Pavel Duryagin,,
295,huam1247,,Huambisa,pena2015huambisa,http://linguistics.berkeley.edu/~saphon/en/inv/Huambisa.html,Dasha Bikina,,1948
297,moks1248,,Moksha,bondarko1993mordvin,,Ruslan Idrisov,,
298,erzy1239,,Erzya,bondarko1993mordvin,,Ruslan Idrisov,,
299,awac1239,,Awa-Cuaiquer,curnow1997awapit,,Polina Pleshak,,
300,tami1289,,Tamil,keane2004tamil,,Vasilisa Zhigulskaya,,
301,belh1239,,Belhare,bickel2003belhare,,Eitan Grossman,,
302,bond1245,,Bondo (Remo),fernandez1968remo,,Eitan Grossman,,
303,czec1258,,Czech,dankovicova1997czech,,Eitan Grossman,,
304,chra1242,,Chrau,thomas1971chrau,,Eitan Grossman,,
305,stan1290,,French,Sten1963,fra_SPA1979_phon.pdf,Eitan Grossman,,162
306,friu1240,,Friulian,miotti2002friulian,,Eitan Grossman,,
307,guja1253,,Gujari (Gojri),losey2002gujari,,Eitan Grossman,,
308,mose1249,,Mosetén,sakel2004moseten,,Vanya Levin,,
309,iron1242,,Ossetian,hettich2002ossetian,hettich2002ossetian.pdf,Daniel Wilson,Assigned Iron Ossetian based on Glottolog,
310,nort3142,,Baghdad Arabic (Christian),abuhaidar1991baghdadchristianarabic,,Nikita Kuzin,,
311,ukaa1243,,Ukaan,abiodun1999ukaan,,Polina Pleshak,,
312,tuvi1240,,Tuvan,harrison2000tuvan,,Vanya Levin,,
313,nene1249,,Tundra Nenets,nikolaeva2014tundranenets,,Aigul Zakirova,,
314,russ1263,,Russian,galinskaya2009russian,,Pavel Duryagin,,
315,moco1246,,Mocoví,grondona1998mocovi,,Ezequiel Koile,,
316,kute1248,,Kuteb,koops1990kuteb,,Vanya Levin,,
317,halh1238,,Halh Mongolian,svantesson2005mongolian,,Anna Sorokina,,
318,caml1239,,Camling,ebert1997,,Dmitry Nikolaev,,
319,galo1242,,Galo,post2007galo,,Dmitry Nikolaev,,
320,chop1243,copi1238,Copi,gowlett2003copi,xho_Gowlett2003.pdf,Elad Eisen,,1318
321,idom1241,,Idoma,1536_idu,idu_Blench2010.pdf,Elad Eisen,,1536
322,nucl1440,,Masalit,1565_mls,mls_Edgar1989.pdf,Elad Eisen,,1565
323,nubi1253,,Nubi,kcn_wellens2003,kcn_wellens2003_phon.pdf,Elad Eisen,,967
324,wage1238,,Wageman/Wagiman,cook1987wagiman,,Elad Eisen,Data from Erich Round,
325,midd1357,waal1238,Waalubal,crowley1978bandjalang,,Elad Eisen,Data from Erich Round,
326,umbu1235,,Umbugarla,davies1989umbugarla,,Elad Eisen,Data from Erich Round,
327,badi1246,,Badimaya,dunn1988badimaya,,Elad Eisen,Data from Erich Round,
328,gunw1252,gune1238,Kune,evans2003bininjgunwok,,Elad Eisen,Data from Erich Round,
329,wand1263,,Wandarang/Warndarang,heath1980warndarang,,Elad Eisen,Data from Erich Round,
330,madh1244,,Madhimadhi,hercus1986madhimadhi,,Elad Eisen,Data from Erich Round,
331,djam1255,jami1236,Jaminjung,schultzeberndt2000jaminjung,,Elad Eisen,Data from Erich Round,
332,iwai1244,,Iwaidja,teo2007iwaidjanmaung,,Elad Eisen,Data from Erich Round,
333,anin1240,,Enindhilyakwa/Anindilyakwa,vanegmond2012enindhilyakwa,,Elad Eisen,Data from Erich Round,
334,murr1258,murr1259,Murrinhpatha,mansfield2014murrinhpatha,,Elad Eisen,Data from Erich Round,
335,djin1253,,Djinang,waters1988djinang,,Elad Eisen,Data from Erich Round,
336,arab1267,,Arabana,hercus1994arabana,,Elad Eisen,Data from Erich Round,
337,umpi1239,,Umpila,ogrady1988umpila,,Elad Eisen,Data from Erich Round,
338,gugu1254,,Koko Bera / Gugubera,black1999kokobere,,Elad Eisen,Data from Erich Round,
339,nyam1271,,Nyamal,burgman2007nyamal,,Elad Eisen,Data from Erich Round,
340,maun1240,,Mawng,singer2015mawng,,Elad Eisen,Data from Erich Round,
342,yala1262,,Yalarnnga,breennodateyalarnnga,,Elad Eisen,Data from Erich Round,
343,kitj1240,,Kija/Kitja,blythe2001kija,,Elad Eisen,Data from Erich Round,
344,mart1256,kart1247,Kartujarra,ogrady1988kartujarra,,Elad Eisen,Data from Erich Round,
345,yayg1236,,Yaygir,morelli2012yaygir,,Elad Eisen,"Data from Erich Round, ask Eric by mail",
346,koyr1242,,"Songhay, Koyraboro Senni",1274_songhay_heath1999,,Elad Eisen,,1274
347,heib1243,,Heiban,1497_hbn,hbn_Guest1997.pdf,Elad Eisen,,1497
348,uppe1455,,Kriyol,1553_pov,pov_Kihm1994.pdf,Elad Eisen,,1553
349,luch1239,,Lucazi,lch_fleisch2000,lch_fleisch2000_phon.pdf,Elad Eisen,,928
351,lagw1237,,Lagwan,1406_kot,kot_Ruff2005.pdf,Elad Eisen,,1406
354,kuwa1246,,Kuwaataay/Kwatay,1549_cwt,cwt_Payne1992.pdf,Elad Eisen,,1549
355,tach1250,,Tashlhiyt Berber,shi_ridouane2014,shi_ridouane2014.pdf,Elad Eisen,,2229
357,kolc1235,bike1242,Bikele,biw_begne1979,biw_begne1979_phon.pdf,Elad Eisen,Coordinations are of Kol (Cameroon),1102
358,lega1249,,Lega-Shabunda,botne2003lega,lea_Botne2003.pdf,Elad Eisen,,1259
359,food1238,,Foodo,1310_foodo,foodo.pdf,Elad Eisen,,1310
360,mawa1270,,Mawa,1378_mcw,mcw_Roberts2009.pdf,Elad Eisen,,1378
361,bagi1246,,Bagirmi,1469_bmi,bmi_Stevenson1969.pdf,Elad Eisen,,1469
362,arbo1245,,Arbore,1525_arv,arv_Hayward1984.pdf,Elad Eisen,,1525
364,abua1245,,Abu' Arapesh,nekitel1985abu,,Einav Levanon,,
365,agut1237,,Agutaynen,quakenbushetal2010agutaynen,,Einav Levanon,,
366,akla1241,,Aklanon,delacruzzorc1968aklanon,,Einav Levanon,,
367,akoy1238,,Akoye,whitney1991akoye,,Einav Levanon,,
368,alor1247,,Alorese,klamer2011alorese,,Einav Levanon,,
369,amar1273,,Amarasi,edwards2016amarasi,,Einav Levanon,,
370,ambo1250,,Ambonese Malay,vanminde1997malayu,,Einav Levanon,,
371,anem1249,,Anem,"thurston1976anem, thurston1982anem",,Einav Levanon,,
372,apma1240,,Apma,schneider2010abma,,Einav Levanon,,
373,aral1243,,Aralle-Tabulahan,mckenzie1991aralletabulahan,,Einav Levanon,,
374,atay1247,,Atayal,rau1992atayal,,Einav Levanon,,
375,awar1248,,Awara,quigley2003awara,,Einav Levanon,,
376,baik1238,,Baikeno,hull2001baikeno,,Einav Levanon,,
377,bala1315,,Balantak,vandenberg2012balantak,,Einav Levanon,,
378,balu1257,,Paluai,schokkin2014paluai,,Einav Levanon,,
379,bata1293,,Batak Karo,woollams1996karobatak,,Einav Levanon,,
380,beka1241,,Riuk Bekati',sudarsono2002riukbekati,,Einav Levanon,,
381,blag1240,,Blagar,steinhauer2014blagar,,Einav Levanon,,
382,bobo1255,,Bobongko,mead2001bobongko,,Einav Levanon,,
383,boto1242,,Botolan Sambal,yamashita1992botolansambal,,Einav Levanon,,
384,bugi1244,,Buginese,"samsuri1965buginese, sirk1983buginese",,Einav Levanon,,
385,buli1255,,Buli,maan1951buli,,Einav Levanon,,
386,buna1278,,Bunak,schapper2009bunak,,Einav Levanon,,
387,buru1303,,Buru,grimes1991buru,,Einav Levanon,,
388,cent2087,,Coastal-Naga Bikol,mattes2014bikol,,Einav Levanon,,
389,cent2100,,Central Dusun,price2007bundudusun,,Einav Levanon,,
390,cent2101,,Central Melanau (Mukah dialect),blust1988melanau,,Einav Levanon,,
391,cham1312,,Chamorro,topping1973chamorro,,Einav Levanon,,
392,chek1238,,Cheke Holo,white1988cheke,,Einav Levanon,,
393,ciac1237,,Cia-Cia,vandenberg1991ciacia,,Einav Levanon,,
394,daak1235,,Da'a Kaili,barr1988daakaili,,Einav Levanon,,
395,dehu1237,,Dehu,tryon1968dehu,,Einav Levanon,,
396,domm1246,,Dom,tida2006dom,,Einav Levanon,,
397,dumb1241,,Dumbea,shintani1990dumbea,,Einav Levanon,,
398,ende1246,,Ende,mcdonnell2009ende,,Einav Levanon,,
399,fiji1243,,Fijian,milner1972fijian,,Einav Levanon,,
400,foii1241,,Foi,rule1993foi,,Einav Levanon,,
401,ford1242,,Fordata,marshall2000fordata,,Einav Levanon,,
402,gadd1244,,Gaddang,calimag1967gaddang,,Einav Levanon,,
403,galo1243,,Galoli,penn2006galoli,,Einav Levanon,,
404,helo1243,,Helong,steinhauer1996metathesis,,Einav Levanon,,
405,hili1240,,Hiligaynon,spitz2001hiligaynon,,Einav Levanon,,
406,hiww1237,,Hiw,franccois2010hiw,,Einav Levanon,,
407,idaa1241,,Ida'an,moody1993idaan,,Einav Levanon,,
408,ilok1237,,Iloko,rubino1997iloko,,Einav Levanon,,
409,indo1317,,Indonesian Bajau,verheijen1986bajau,,Einav Levanon,,
410,inon1237,,Inonhan,vandenheuvel1997inonhan,,Einav Levanon,,
411,irar1238,,Irarutu,matsumura1991irarutu,,Einav Levanon,,
412,ivat1242,,Itbayat,yamada2002itbayat,,Einav Levanon,,
413,jamb1236,,Jambi Malay,yanti2010jambimalay,,Einav Levanon,,
414,java1254,,Javanese,sumukti1971javanese,,Einav Levanon,,
415,kaga1255,,Kagan Kalagan,wendel1978kagankalagan,,Einav Levanon,,
416,kaga1256,,Kagayanen,harmon1977kagayanen,,Einav Levanon,,
417,kamb1299,,Kambera,klamer1998kambera,,Einav Levanon,,
418,kana1286,,Kanakanavu,tsuchida1975tsouic,,Einav Levanon,,
419,kapr1245,,Kapriman,sumbuk1999kapriman,,Einav Levanon,,
420,kemb1249,,Mateq,connell2013mateq,,Einav Levanon,,
421,keri1250,,Kerinci,mckinnon2011kerinci,,Einav Levanon,,
422,komo1261,,Komodo,fernandez1989komodo,,Einav Levanon,,
423,kove1237,,Kove,sato2013kove,,Einav Levanon,,
424,kupa1239,,Kupang Malay,steinhauer1983kupangmalay,,Einav Levanon,,
425,laiy1246,,Laiyolo,laidig1999barang,,Einav Levanon,,
426,lala1268,,Lala,"ross2002lala, symonds1989lala",,Einav Levanon,,
427,lama1277,,Lamaholot,kroon2016lamaholot,,Einav Levanon,,
428,lamp1242,,Lampung Nyo,matanggui1984lampungnyo,,Einav Levanon,,
429,lamp1243,,Lampung Api,walker1976lampungapi,,Einav Levanon,,
430,lari1255,,Larike-Wakasihu,laidig1995larike,,Einav Levanon,,
431,leti1246,,Leti,engelenhoven2004leti,,Einav Levanon,,
432,lewo1244,,Lewotobi,nagaya2012lamaholot,,Einav Levanon,,
433,lund1271,,Lun Dayeh,blust2016kelabit,,Einav Levanon,,
434,maka1311,,Makasar,jukes2006makasar,,Einav Levanon,,
435,mama1276,,Mamasa,matti1991mamasa,,Einav Levanon,,
436,mans1262,,Mansaka,svelmoe1974mansaka,,Einav Levanon,,
437,mara1404,,Maranao,lobel2011maranao,,Einav Levanon,,
438,mati1250,,Matigsalug Manobo,wang2006matigsalug,,Einav Levanon,,
439,maya1282,,Misool-Salawati Ma'ya,vanderleeden1987misoolsalawatimaya,,Einav Levanon,,
440,mini1251,,Minigir,vandermark2007minigir,,Einav Levanon,,
441,molb1237,,Molbog,thiessen1980molbog,,Einav Levanon,,
442,mort1237,,Mortlockese,odango2015mortlockese,,Einav Levanon,,
443,muna1247,,Muna,vandenberg1989muna,,Einav Levanon,,
444,nali1244,,Nalik,volker1994nalik,,Einav Levanon,,
445,nang1262,,Nanggu,vaa2013engdewu,,Einav Levanon,,
446,napu1241,,Napu,hanna1991napu,,Einav Levanon,,
447,naue1237,,Nauete,veloso2016nauete,,Einav Levanon,,
448,neng1238,,Nengone,tryon1967nengone,,Einav Levanon,,
449,nese1235,,Nese,takau2016nese,,Einav Levanon,,
450,nucl1454,,Yawa,jones1986yawa,,Einav Levanon,,
451,nucl1594,,Mairasi,"peckham1991mairasi, peckham2000mairasi",,Einav Levanon,,
452,pagu1249,,Pagu,"wimbish1991pagu, wimbish1992pagu",,Einav Levanon,,
453,pala1344,,Palauan,josephs1975palauan,,Einav Levanon,,
454,pamp1243,,Pampanga,forman1971kapampangan,,Einav Levanon,,
455,pang1290,,Pangasinan,benton1971pangasinan,,Einav Levanon,,
456,papu1250,,Papuan Malay,kluge2017papuanmalay,,Einav Levanon,,
457,patt1249,,Pattani Malay,tadmor1995pattanimalay,,Einav Levanon,,
458,pend1242,,Pendau,quick2008pendau,,Einav Levanon,,
459,pile1238,,Vaeakau-Taumako,naess2011vaeakau,,Einav Levanon,,
460,puka1242,,Pukapuka,salisbury2002pukapuka,,Einav Levanon,,
461,rata1244,,Ratahan,himmelmann1999ratahan,,Einav Levanon,,
462,ruka1240,,Rukai,zeitoun2007rukai,,Einav Levanon,,
463,saar1237,,Saaroa,pan2012saaroa,,Einav Levanon,,
464,sahu1245,,Sahu,visser1987sahu,,Einav Levanon,,
465,samo1305,,Samoan,"hunkin2009samoan, mosel1992samoan",,Einav Levanon,,
466,sawi1256,,Sawila,kratochvil2014sawila,,Einav Levanon,,
467,sela1259,,Selaru,coward2000selaru,,Einav Levanon,,
468,siwa1245,,Motuna (Siwai),onishi1994motuna,,Einav Levanon,,
469,sout2883,,Southeast Babar,steinhauer2009babar,,Einav Levanon,,
470,sumb1241,,Sumbawa,hayami1995sumbawa,,Einav Levanon,,
471,sund1252,,Sundanese,muller2001sundanese,,Einav Levanon,,
472,tagb1258,,Tagbanwa,hussey1965tagbanwa,,Einav Levanon,,
473,taji1246,,Tajio,mayani2013tajio,,Einav Levanon,,
474,teop1238,,Teop,mosel2007teop,,Einav Levanon,,
475,tetu1245,,Tetum,vanklinken1999fehan,,Einav Levanon,,
476,tetu1246,,Tetun Dili,williams2002tetun,,Einav Levanon,,
477,tido1248,,Tidore,vanstaderi2000tidore,,Einav Levanon,,
478,timu1262,,Timugon Murut,prentice1971murut,,Einav Levanon,,
479,tiri1258,,Tiri-Mea,osumi1995tirimea,,Einav Levanon,,
480,toab1237,,To'abaita,lichtenberk2008toqabaqita,,Einav Levanon,,
481,tobe1252,,Tobelo,holton2003tobelo,,Einav Levanon,,
482,tobi1239,,Tobilung,tobisa2010tobilung,,Einav Levanon,,
483,tsou1248,,Tsou,tsuchida1975tsouic,,Einav Levanon,,
484,tuam1242,,Tuamotuan,kuki1970tuamotuan,,Einav Levanon,,
485,tugu1245,,Tugun,hinton1991tugun,,Einav Levanon,,
486,tuka1248,,Tukang Besi North,donohue1999tukangbesi,,Einav Levanon,,
487,unua1237,,Unua,pearce2015unua,,Einav Levanon,,
488,urak1238,,Urak Lawoi',steinhauer2008urak,,Einav Levanon,,
489,vinm1237,,Neve'ei,musgrave2007neveei,,Einav Levanon,,
490,vure1239,,Vurës,malau2016vures,,Einav Levanon,,
491,waim1252,,Waima'a,hull2002waimaha,,Einav Levanon,,
492,wamb1259,,Wambon,vries1992wambon,,Einav Levanon,,
493,wand1267,,Wandamen,gasser2014windesi,,Einav Levanon,,
494,west2600,,West Makian,voorhoeve1982westmakian,,Einav Levanon,,
495,woli1241,,Wolio,vandenberg2008wolio,,Einav Levanon,,
496,wotu1240,,Wotu,mead2013wotu,,Einav Levanon,,
497,wutu1244,,Wutung,marmion2010wutung,,Einav Levanon,,
498,yabe1254,,Yabem,"ross2002yabem, ross1993tonogenesis",,Einav Levanon,,
499,yape1248,,Yapese,jensen1977yapese,,Einav Levanon,,
500,yaum1237,,Yau,sarvasy2017nungon,,Einav Levanon,,
501,yuag1237,,Yuaga,schooling1992yuanga,,Einav Levanon,,
502,curr1243,,Curripaco,granadillo2006curripaco,,David Ginebra,,
503,chim1302,,Chimborazo Quichua,beukema1975chimborazoquichua,,David Ginebra,,
504,sala1272,,Salasaca Quichua,mazaquiza2008salascaquechua,,David Ginebra,,
505,east2652,,Eastern Oromo,1552_hae,hae_Owens1985.pdf,Elad Eisen,,1552
506,furu1242,,Furu,fuu_boyeldieu2000,fuu_boyeldieu2000_phon.pdf,Elad Eisen,,878
507,mach1266,,Machame,1283_jmc_kiwoso,jmc_kiwoso.PDF,Elad Eisen,,1283
508,argo1244,,Argobba,1396_hertzon,agj_Hudson1997.pdf,Elad Eisen,,1396
509,bamb1269,,Bambara,"1496_beledugu_bam,1496_bam_green2010",bam_green2010.pdf,Elad Eisen,,1496
510,mori1278,,Morisyen,1569_mfe,mfe_Baker1972.pdf,Elad Eisen,,1569
511,berb1259,,Berbice Dutch,kouwenberg1994berbicedutch,,David Ginebra,,
512,huam1248,,Huallaga (Huanuco) Quechua,weber1983huallagaquechua,,David Ginebra,,
513,siam1242,,Siamou,1627_Haas_sif,Haas_sif.pdf,Elad Eisen,,1627
514,sumb1240,,Sumbwa,1639_Kahigi_suw,Kahigi_suw.PDF,Elad Eisen,,1639
515,amha1245,,Amharic,amh_hayward1992,amh_hayward1992.pdf,Elad Eisen,,2156
516,awng1244,,Awngi,1542_awngi_2010,Hetzron1969.png,Elad Eisen,,234
517,chum1261,,Chumburung,Hartell1993,ncu_Hartell1993_phon.pdf,Elad Eisen,,686
518,cavi1250,,Cavineña,guillaume2004cavinena,,David Ginebra,,
519,cham1318,,Chamicuro,parker1991chamicuro,,David Ginebra,,
520,kari1301,,Karipúna Creole French,tobler1983karipuna,,David Ginebra,,
521,kano1245,,Kanoê,bacelar2004kanoe,,David Ginebra,,
522,mund1330,,Mundurukú,picanco2005munduruku,,David Ginebra,,
523,huay1240,,Huaylas Ancash Quechua,levengood1982huaylasquechua,,David Ginebra,,
524,toba1269,,Toba,klein1973toba,,David Ginebra,,
525,rapa1244,,Rapanui,kieviet2017rapanui,,Einav Levanon,,
526,abip1241,,Abipon,najlis1966abipon,,David Ginebra,,
527,apal1257,,Apalí,koehn1986apalai,,David Ginebra,,
528,apin1244,,Apinayé,albuquerque2007apinaye,,David Ginebra,,
529,ashe1272,,Ashéninka Perené,mihas2010asheninkaperene,,David Ginebra,,
530,swah1253,,Swahili,tucker1946swahili,,Elad Eisen,,
533,arch1244,,Archi,kibrik1977archi,,Dmitry Nikolaev,,
535,duru1236,,Parji,burrowbhattacharya1953parji,,Dmitry Nikolaev,,
536,mara1378,,Marathi,dhongadewali2009marathi,,Dmitry Nikolaev,,
537,moro1292,,Moroccan Arabic,"cohen2017moroccanarabic,Harrell1962,Abdel-Massih1973,Harrell1965",ary_SPA1979_phon.pdf,Dmitry Nikolaev,"Unlike the SPA doculect with the same phonemes, this one lists the source language (Standard French).",133
538,mait1250,,Maithili,kashyap2014bajjika,,Dmitry Nikolaev,The borrowing language (Bajjika) was previously considered a dialect of Maithili and has no glottocode or ISO code of its own.,
539,kana1281,,Kanauji,dwivedikar2016kanauji,,Dmitry Nikolaev,,
540,puma1239,,Puma,sharma2013puma,,Dmitry Nikolaev,,
542,nort2646,,Pashto,tegeyrobson1996pashto,,Yoav Yosef,"The grammar states that this consonant appears in loan words from Persian and Arabic, but not only those two languages.",
549,urdu1245,,Urdu,masica1993indoaryan,,Yoav Yosef,,
550,hind1269,,Hindi,masica1993indoaryan,,Yoav Yosef,,
551,dutc1256,,Dutch,"peters2006dutch, verhoeven2005dutch",,Daniil Levin,,
552,yalu1240,,Jalonke,lupke2005jalonke,,Haggai Kovatch,,
554,koya1253,,Koyaga,creissels1988koyaga,,Yael Assouline,the status of /z/ might have been affected by the introduction of loan words into the Koyaga language.,
555,baga1272,,Baga,ganong1998bagasitem,,Haggai Kovatch,,
556,adam1253,,Adamawa Fulfulde,"taylor1953adamawafulani,stennes1967adamawafulani",,Haggai Kovatch,"Taylor uses non-standard phonological orthography and compares the language to English. This might need to be checked.  

Stennes, page 14 (bottom) there's a note on borrowing consonant clusters.",
557,bare1276,,Bare,aikhenald1995bare,,David Ginebra,,
558,lamb1269,,Lambadi,oranskaya2011lambadi,,Dmitry Nikolaev,,
559,saur1248,,Saurashtra,smith2011saurashtra,,Dmitry Nikolaev,,
562,baur1253,,Baure,danielsen2007baure,,David Ginebra,,
563,cabi1241,,Kawiyari,reinoso2009kawiyari,,David Ginebra,,
564,nort2980,,Tarma Quechua,adelaar1977tarma,,David Ginebra,"Should we consider this grammar as two different doculects? Glottolog doesn't do so, but for our project it would be definatelly clearer, because sometimes the same sound is borrowed in one dialect but not in the other or sometimes it is a new phoneme in one dialect but a distrubutional change in the other.",
565,libe1240,,Liberian English,singler1981liberianenglish,,Haggai Kovatch,,
566,bank1256,,Bankon,atindogbe1996bankon,,Yuval Sarig,,
569,wehh1238,,Weh,davison2009weh,,Yuval Sarig,,
572,lele1266,,Lele,vydrin2009lele,,Yuval Sarig,,
573,zulu1248,,Zulu,crothers1979zulu,,Haggai Kovatch,,
574,fuli1240,,Fuliiru,vanotterloo2011fuliiru,,Haggai Kovatch,,